historical_price,base_wholesale_cost,competitor_price,inventory_level,day_of_week,is_weekend,units_sold
348.28,218.54,335.08,421,0,0,69
799.6,477.82,759.52,287,6,1,15
779.49,379.4,703.76,25,6,1,16
491.87,319.4,507.7,22,3,0,45
248.79,120.21,247.04,365,2,0,79
154.83,120.2,171.82,365,4,0,105
150.51,76.14,129.38,327,2,0,93
900.47,439.78,939.33,436,2,0,0
442.87,320.5,477.81,96,0,0,72
601.0,368.63,647.78,87,2,0,34
80.92,59.26,90.3,425,0,0,135
927.49,486.46,991.21,76,0,0,3
736.83,424.6,831.39,356,4,0,20
267.14,145.55,253.73,220,1,0,72
184.09,131.82,184.26,223,0,0,96
187.1,132.53,159.83,194,6,1,120
232.05,186.91,197.72,458,2,0,86
435.53,286.14,401.57,462,4,0,70
430.04,244.38,378.54,442,5,1,86
372.6,181.05,345.79,42,5,1,70
607.37,325.33,548.53,124,5,1,34
184.43,112.77,158.34,284,2,0,103
390.72,181.47,438.69,429,1,0,76
412.37,214.86,351.54,207,3,0,49
543.69,255.23,582.19,389,1,0,47
696.79,403.33,624.07,152,4,0,11
204.03,139.85,229.26,237,1,0,81
352.55,281.41,394.1,129,5,1,97
609.77,316.59,637.93,362,1,0,34
93.68,70.9,98.52,33,4,0,79
485.99,323.4,413.87,36,4,0,40
219.57,126.74,251.5,442,5,1,107
139.87,79.27,155.73,84,6,1,134
858.88,477.0,960.68,250,2,0,0
662.0,484.53,693.62,32,0,0,14
653.66,413.78,623.22,170,3,0,27
339.95,187.08,380.1,50,3,0,67
203.86,93.95,191.11,247,5,1,100
689.91,357.9,702.89,248,6,1,43
526.55,248.07,463.32,65,3,0,26
205.87,104.92,231.93,422,1,0,86
488.83,272.83,436.15,424,4,0,67
91.14,65.47,83.62,458,6,1,136
857.17,459.19,872.12,107,4,0,0
303.5,166.45,327.55,155,5,1,95
627.5,348.14,649.97,475,4,0,43
321.52,190.27,295.68,271,0,0,84
490.99,284.03,417.48,445,4,0,40
454.23,296.02,489.27,49,4,0,60
228.99,133.18,262.32,202,6,1,103
679.65,486.31,742.84,248,1,0,27
799.68,398.81,790.14,51,2,0,2
655.16,472.77,734.52,231,3,0,34
581.67,452.67,565.94,205,1,0,43
522.05,319.05,525.96,297,1,0,53
863.82,464.84,857.9,19,1,0,0
147.1,89.82,144.79,244,3,0,89
204.08,138.19,220.92,334,5,1,109
123.69,70.35,124.68,274,1,0,125
303.83,196.4,287.12,78,2,0,66
479.69,224.9,444.89,454,5,1,67
365.32,172.11,314.66,148,4,0,58
719.99,422.93,737.96,364,2,0,16
321.68,210.54,295.62,228,6,1,90
341.75,176.42,305.67,205,5,1,98
363.86,294.21,380.65,83,4,0,73
189.95,113.42,200.27,112,4,0,87
631.41,410.99,679.18,234,1,0,62
177.17,83.55,177.36,132,1,0,97
598.85,494.1,669.64,111,3,0,34
696.76,397.51,787.97,273,0,0,44
270.57,139.42,295.52,442,2,0,86
88.44,52.48,92.04,417,3,0,132
535.96,416.96,504.4,496,3,0,38
799.65,368.09,915.51,170,2,0,29
649.5,378.05,605.49,242,5,1,40
720.36,397.07,656.1,500,6,1,43
119.7,83.32,117.62,284,2,0,127
355.74,211.31,308.44,267,4,0,56
166.4,102.14,190.29,320,6,1,132
558.91,438.4,573.74,148,0,0,27
431.67,330.48,439.04,236,5,1,65
405.26,198.9,424.2,282,1,0,59
113.17,78.6,113.07,435,0,0,117
264.96,189.94,227.77,326,0,0,83
334.73,196.33,346.01,396,1,0,77
744.82,378.32,793.13,95,0,0,16
425.15,336.9,414.53,300,5,1,82
798.22,449.25,859.84,478,5,1,38
346.29,262.5,317.93,226,5,1,96
128.37,103.82,117.63,368,3,0,125
464.72,370.96,417.51,75,3,0,47
798.11,392.35,767.46,266,5,1,12
398.79,302.57,440.3,144,1,0,73
494.24,396.94,542.87,413,1,0,48
445.85,272.21,430.18,436,2,0,53
583.01,285.23,598.59,384,2,0,52
354.48,242.39,377.96,399,5,1,91
99.64,61.44,91.9,64,6,1,108
122.2,98.55,110.03,365,0,0,93
105.78,64.14,120.76,252,0,0,111
597.96,336.38,619.05,261,1,0,49
339.06,191.46,388.03,30,6,1,101
427.33,278.86,406.53,316,0,0,61
694.73,458.4,737.04,439,4,0,49
211.91,162.18,194.28,172,3,0,89
367.68,234.67,341.34,365,0,0,68
506.8,390.0,508.61,273,0,0,24
300.81,152.96,284.53,77,2,0,70
183.36,84.64,165.07,116,4,0,102
391.46,180.39,363.61,409,0,0,82
253.07,122.55,217.83,76,3,0,72
843.43,468.36,895.15,208,0,0,7
786.3,413.65,784.44,201,1,0,16
497.59,335.03,437.02,11,4,0,40
809.49,442.16,729.76,266,0,0,0
681.55,411.65,600.28,451,6,1,36
225.32,133.96,232.93,10,4,0,95
884.23,451.65,776.59,367,0,0,0
433.76,292.7,466.85,124,3,0,58
627.48,413.35,537.22,400,3,0,13
962.97,453.24,890.57,97,4,0,0
242.58,193.1,271.01,206,5,1,116
167.76,99.52,178.76,478,2,0,105
322.35,152.57,281.06,101,2,0,86
438.47,242.2,480.71,283,1,0,73
730.18,418.11,728.66,353,5,1,29
634.01,437.33,699.97,169,2,0,34
81.99,53.13,84.47,182,4,0,117
574.24,279.84,605.56,42,2,0,48
418.4,237.83,480.35,467,1,0,76
257.12,149.95,236.48,82,0,0,92
135.08,103.94,140.1,442,2,0,106
245.55,201.93,242.63,426,4,0,81
1026.26,474.31,884.46,490,4,0,0
308.21,195.44,263.32,464,1,0,81
511.13,283.46,452.74,205,6,1,45
468.83,366.36,489.8,293,1,0,44
402.3,213.63,410.4,96,6,1,82
1039.2,487.3,1055.86,318,3,0,0
857.83,483.1,737.35,233,3,0,0
216.56,163.3,214.56,53,3,0,85
487.77,273.76,549.9,345,6,1,90
364.55,185.4,353.35,448,0,0,86
286.23,178.18,296.96,147,4,0,69
138.52,66.6,150.14,279,3,0,101
599.54,324.3,650.6,368,4,0,51
579.82,276.21,583.18,45,1,0,40
133.42,73.17,147.74,43,0,0,102
233.5,175.39,225.89,97,1,0,75
692.53,458.72,773.28,155,4,0,20
221.21,157.8,203.97,25,5,1,95
242.94,115.2,226.92,242,6,1,105
529.81,270.25,458.78,430,5,1,74
926.08,493.54,1008.2,50,3,0,0
238.54,158.92,232.61,264,5,1,94
487.82,352.46,448.18,290,1,0,48
768.35,392.73,706.53,135,6,1,27
262.74,156.94,294.38,17,5,1,85
538.52,377.7,592.46,481,2,0,69
391.49,215.5,397.77,477,0,0,70
414.94,334.54,429.39,377,4,0,59
511.4,335.09,507.46,359,6,1,49
485.71,291.1,469.93,349,3,0,60
122.17,90.63,137.39,411,1,0,110
930.41,425.89,825.91,333,0,0,0
273.86,194.35,267.16,185,3,0,73
178.18,133.93,169.87,237,1,0,94
95.93,68.35,95.88,463,5,1,125
622.03,315.9,614.12,332,6,1,47
576.9,354.9,580.17,411,4,0,35
101.45,57.46,90.49,376,6,1,111
342.42,280.44,343.77,497,2,0,106
187.54,151.92,173.05,27,2,0,77
560.12,340.33,507.08,65,6,1,49
259.07,128.46,225.25,416,5,1,83
752.61,360.92,811.91,44,4,0,0
288.26,224.03,281.99,399,0,0,85
819.69,471.53,850.83,127,4,0,4
236.44,111.88,252.58,291,5,1,120
323.12,203.48,340.5,263,1,0,83
205.11,101.06,203.3,222,6,1,107
621.65,466.11,600.75,70,6,1,32
949.83,444.8,914.48,97,6,1,6
324.08,166.07,337.7,280,6,1,103
743.03,346.99,741.87,356,0,0,3
783.96,417.75,866.07,41,2,0,12
468.77,299.84,521.47,405,5,1,79
616.53,288.34,555.6,142,1,0,21
234.37,158.83,208.79,73,5,1,106
140.8,91.9,146.31,208,3,0,112
862.49,453.75,811.05,265,3,0,0
894.59,455.19,765.38,351,3,0,0
713.13,334.9,796.27,164,2,0,40
284.56,202.56,261.25,472,4,0,94
413.87,207.14,467.17,240,0,0,69
730.21,376.68,777.84,310,6,1,20
573.38,453.7,618.56,44,2,0,43
712.96,449.19,649.11,35,1,0,14
594.51,400.94,547.1,32,1,0,0
509.89,338.91,513.15,150,3,0,49
191.8,87.86,172.93,483,0,0,95
226.17,122.73,212.97,396,3,0,90
871.29,454.35,824.63,294,1,0,0
702.81,322.89,631.05,459,1,0,15
85.39,54.14,77.84,329,6,1,142
191.5,95.66,208.08,165,4,0,92
569.76,348.58,512.87,480,6,1,63
108.19,52.28,92.89,429,4,0,103
168.94,122.36,175.5,122,6,1,120
637.71,296.93,728.78,399,4,0,41
512.68,361.35,486.72,148,3,0,47
524.08,343.38,464.12,431,5,1,59
295.23,150.92,301.47,383,0,0,90
590.46,370.48,662.44,427,4,0,21
283.46,156.76,307.61,218,2,0,70
323.04,196.43,334.92,332,4,0,84
749.6,385.92,708.01,373,3,0,0
488.97,342.33,495.11,439,0,0,51
543.84,432.15,477.15,491,4,0,41
518.86,345.93,546.72,95,6,1,54
511.9,305.74,546.47,294,0,0,46
126.07,92.15,143.66,69,2,0,107
335.02,215.47,310.93,63,1,0,79
270.94,169.34,231.8,102,6,1,83
200.93,159.8,203.67,334,0,0,91
869.99,487.85,923.97,467,5,1,12
472.92,226.89,514.13,467,4,0,38
610.21,451.42,554.14,382,6,1,47
600.49,334.01,557.57,274,3,0,40
760.19,407.67,763.06,391,5,1,39
447.24,276.19,424.51,222,5,1,61
588.59,309.61,652.25,342,3,0,32
437.53,271.63,434.08,19,3,0,55
235.0,137.86,256.12,367,3,0,102
452.88,375.1,463.84,212,5,1,74
333.6,176.35,360.93,205,0,0,80
113.43,60.94,107.74,67,3,0,115
421.63,340.46,463.55,265,1,0,59
203.4,129.7,189.65,232,5,1,106
1031.13,473.21,1045.39,378,5,1,6
776.77,479.27,710.12,189,5,1,14
785.77,461.69,780.0,427,2,0,0
456.95,216.57,432.03,371,0,0,50
109.2,56.96,101.56,44,0,0,94
833.55,467.74,950.33,368,3,0,18
484.83,242.68,435.39,112,5,1,51
1001.21,484.99,1087.51,170,6,1,0
801.32,483.63,917.71,209,5,1,23
726.75,433.85,622.08,169,3,0,0
289.46,182.5,306.74,192,0,0,85
483.81,223.29,447.95,362,3,0,53
821.49,433.01,708.25,145,3,0,0
247.17,192.61,239.97,439,3,0,84
260.49,126.27,294.5,407,3,0,85
505.11,300.56,431.13,235,3,0,46
597.93,471.27,613.69,401,4,0,55
635.52,363.21,635.79,252,4,0,30
495.71,306.53,551.23,115,5,1,73
194.75,93.73,170.44,80,5,1,102
458.76,326.75,483.74,86,6,1,55
1004.16,495.52,1058.42,63,6,1,1
198.69,113.04,208.76,286,4,0,106
355.37,283.25,402.52,120,0,0,81
966.08,444.82,1059.71,233,2,0,0
656.52,383.35,566.31,84,0,0,20
542.17,363.66,537.46,23,6,1,63
611.2,366.12,592.49,468,5,1,67
435.79,211.77,410.97,267,4,0,67
274.07,182.12,270.07,491,0,0,89
576.86,414.21,556.82,198,2,0,22
550.97,414.55,539.78,373,3,0,45
659.33,440.18,754.13,248,1,0,38
912.72,460.96,800.08,410,4,0,0
468.23,280.1,527.54,343,4,0,76
393.53,275.68,391.2,482,2,0,69
559.09,409.23,579.84,313,3,0,65
524.93,342.48,576.93,100,3,0,31
782.97,365.89,750.19,401,1,0,11
629.72,408.11,616.58,193,3,0,20
985.76,450.5,959.0,26,2,0,0
340.58,202.1,327.78,462,5,1,90
302.05,219.01,340.61,21,3,0,64
193.0,92.29,212.04,175,5,1,110
515.09,310.23,454.67,155,6,1,55
126.37,66.17,111.51,291,6,1,132
566.71,259.52,554.45,488,5,1,43
367.79,294.19,323.51,46,2,0,70
232.04,178.94,240.33,79,4,0,89
606.62,315.87,541.78,178,4,0,36
94.43,63.73,95.06,344,4,0,108
92.48,66.81,78.81,179,0,0,95
520.74,420.17,492.09,262,4,0,32
259.14,212.09,272.91,355,2,0,77
211.62,107.18,210.61,469,1,0,102
380.33,285.01,434.9,306,6,1,104
661.25,396.5,735.46,440,3,0,31
265.68,147.12,254.45,151,4,0,88
537.85,330.3,464.51,394,0,0,25
108.48,88.41,119.73,282,6,1,127
145.3,73.26,163.23,234,6,1,126
349.97,289.11,383.63,192,5,1,75
575.39,293.29,511.17,230,0,0,30
705.12,336.84,810.44,62,2,0,33
615.16,376.74,570.61,127,1,0,0
848.91,489.13,906.01,374,4,0,19
473.47,282.34,531.43,168,4,0,62
310.42,195.33,285.81,455,0,0,87
851.32,407.83,955.59,145,2,0,2
359.89,171.87,339.32,423,0,0,55
380.17,247.54,434.51,86,0,0,75
154.84,85.31,144.67,345,1,0,102
130.61,61.41,148.38,459,2,0,112
1044.69,483.19,904.77,54,1,0,0
728.34,426.19,774.07,27,2,0,23
600.29,363.19,606.07,364,4,0,57
346.06,234.03,343.76,438,3,0,78
276.3,127.98,253.38,412,5,1,93
161.67,120.4,171.64,214,3,0,99
289.42,162.61,262.57,333,6,1,100
440.54,297.15,447.53,92,2,0,67
549.55,371.57,508.87,59,3,0,20
557.07,347.09,633.21,290,0,0,50
386.92,175.97,332.21,175,4,0,76
601.99,479.69,547.77,252,5,1,42
679.5,382.05,626.97,386,5,1,45
384.08,299.46,374.18,488,6,1,91
440.59,325.27,405.26,173,5,1,78
391.56,238.82,390.54,333,4,0,60
276.2,161.48,307.07,65,3,0,75
306.62,210.19,326.13,48,5,1,92
592.98,391.03,607.21,328,5,1,39
72.68,56.48,63.72,137,2,0,108
153.68,102.23,162.62,400,0,0,108
153.18,70.7,137.85,131,2,0,116
146.54,68.33,159.13,256,3,0,108
667.61,434.96,617.55,195,4,0,25
649.28,366.65,633.12,217,4,0,37
555.62,263.38,530.7,324,2,0,31
113.41,94.03,125.62,313,1,0,109
545.35,271.23,484.25,398,2,0,64
565.16,263.06,576.28,248,1,0,41
165.21,127.94,147.47,224,6,1,124
333.87,245.23,354.38,301,2,0,88
495.52,229.33,555.73,233,1,0,42
568.41,327.13,557.26,97,1,0,39
407.72,335.79,406.26,34,5,1,76
102.6,70.39,115.75,438,6,1,133
360.64,218.58,362.91,229,5,1,78
627.76,331.64,625.42,284,1,0,20
534.35,276.41,546.9,144,1,0,39
955.93,435.42,1010.2,451,0,0,0
515.29,346.41,454.52,242,1,0,53
214.36,123.32,235.01,474,5,1,133
141.71,81.76,138.97,75,1,0,114
544.46,339.09,474.6,89,4,0,42
84.79,61.93,92.07,432,0,0,107
682.85,313.6,657.64,264,1,0,16
971.43,473.1,854.97,134,5,1,0
524.72,308.96,545.78,155,5,1,55
405.15,224.68,451.35,112,3,0,72
484.53,339.48,540.89,394,5,1,83
446.78,256.21,508.13,456,0,0,74
560.02,295.53,621.79,396,5,1,75
812.4,473.66,691.07,392,4,0,0
490.07,223.75,472.46,286,2,0,60
874.04,482.54,957.56,391,4,0,0
718.58,457.41,689.74,133,6,1,18
272.37,138.11,280.66,423,4,0,94
111.3,81.21,114.85,276,0,0,121
151.08,95.35,144.97,287,0,0,107
90.03,58.2,100.96,120,3,0,110
150.94,92.5,151.09,390,5,1,123
708.2,357.35,700.71,322,3,0,21
138.16,82.03,158.78,98,0,0,92
385.92,193.54,385.17,396,5,1,73
764.23,430.19,690.5,167,0,0,1
93.25,60.47,93.62,225,0,0,111
837.18,416.51,916.04,393,2,0,10
254.34,176.83,275.46,310,4,0,97
146.96,103.17,159.68,45,3,0,98
619.64,363.53,658.31,96,3,0,38
486.5,333.02,450.63,127,1,0,45
537.88,444.86,596.3,337,6,1,85
703.8,380.78,786.87,457,2,0,33
704.23,411.57,639.61,191,0,0,35
291.12,176.92,258.84,77,0,0,78
281.38,129.85,321.52,443,2,0,89
686.83,387.78,762.72,368,5,1,38
852.35,413.08,952.91,500,3,0,0
664.0,495.73,740.97,168,0,0,22
416.96,235.68,422.18,294,6,1,70
449.6,217.41,469.34,452,1,0,68
712.15,399.39,721.84,173,3,0,12
390.05,203.36,337.53,470,4,0,68
737.04,468.84,791.32,370,6,1,50
563.88,436.29,564.78,82,2,0,36
402.95,243.05,420.8,128,3,0,85
618.49,387.89,618.98,350,4,0,23
805.21,389.54,803.23,204,1,0,2
139.21,96.41,125.5,98,5,1,109
988.35,456.15,922.74,354,2,0,0
598.59,277.36,537.33,85,5,1,18
610.76,421.91,555.0,230,6,1,28
300.36,194.02,342.98,148,0,0,81
949.26,452.99,850.47,381,5,1,6
487.79,225.14,454.03,404,0,0,54
90.19,54.88,92.64,250,6,1,113
695.74,457.42,718.73,163,4,0,9
157.21,91.08,140.89,62,3,0,113
365.64,193.69,397.86,151,1,0,65
703.63,477.53,763.83,329,4,0,18
925.2,477.77,852.29,473,1,0,0
385.57,308.05,361.12,403,5,1,93
417.67,334.33,472.55,40,1,0,76
399.43,251.8,438.45,232,5,1,74
282.65,181.94,299.42,301,1,0,70
299.94,197.9,262.35,275,2,0,78
596.31,352.63,581.69,291,4,0,38
590.91,388.57,601.42,285,2,0,42
565.55,406.21,512.51,390,3,0,52
611.83,405.33,602.33,53,3,0,11
198.01,91.04,204.01,71,0,0,101
439.01,272.49,416.28,210,0,0,45
124.84,75.9,135.36,344,0,0,118
528.15,297.29,582.09,18,6,1,57
542.97,248.69,514.24,80,3,0,29
647.95,449.47,713.78,99,1,0,25
391.14,207.91,344.62,33,5,1,58
196.73,102.68,216.67,149,6,1,111
206.66,114.35,185.13,325,1,0,86
506.0,392.68,442.69,349,4,0,53
615.99,328.2,642.19,385,3,0,44
120.73,95.51,119.71,87,5,1,135
157.79,87.85,177.1,223,5,1,121
708.79,365.44,679.7,25,5,1,31
116.75,82.74,109.29,38,0,0,117
857.15,419.84,857.34,425,5,1,9
452.54,367.81,446.55,476,5,1,61
177.01,86.61,168.75,384,3,0,102
146.4,88.18,154.91,300,1,0,91
700.27,493.99,754.8,52,6,1,61
291.33,218.42,322.18,361,6,1,116
466.81,216.79,533.03,384,1,0,86
529.12,415.76,492.08,62,2,0,39
666.33,476.26,709.53,285,2,0,36
764.16,493.7,739.92,380,4,0,6
708.11,389.02,745.73,241,3,0,31
382.66,219.32,379.91,221,2,0,55
116.09,87.58,133.29,17,2,0,79
595.47,399.72,636.36,131,3,0,29
433.47,301.28,492.31,492,1,0,56
340.52,240.9,374.74,51,4,0,88
737.68,457.86,826.84,342,4,0,43
190.48,100.04,208.44,242,4,0,84
385.1,271.68,380.38,79,2,0,76
86.34,55.11,79.91,376,1,0,123
415.07,260.9,398.92,25,4,0,41
163.97,75.34,140.37,78,3,0,91
222.94,103.47,224.54,62,4,0,82
205.79,102.89,206.1,182,6,1,115
493.26,342.14,496.99,444,0,0,43
489.11,385.72,558.66,491,1,0,62
474.06,312.52,532.57,271,0,0,53
708.43,482.98,636.53,388,1,0,19
373.07,218.69,358.4,298,5,1,81
353.16,178.57,345.11,472,3,0,70
907.45,440.87,869.48,24,5,1,0
307.99,150.62,335.57,279,2,0,102
754.03,483.45,759.46,176,2,0,7
104.68,55.47,106.95,72,5,1,111
735.91,486.45,813.85,270,1,0,29
87.53,69.42,95.57,130,4,0,109
857.63,451.01,763.01,355,0,0,0
347.78,287.47,370.1,249,3,0,97
799.5,496.83,784.01,474,4,0,4
127.26,83.21,119.42,116,2,0,99
566.56,299.23,490.08,189,4,0,33
955.96,486.19,952.3,25,5,1,9
429.26,285.39,410.64,364,5,1,59
670.33,333.23,620.36,431,6,1,41
542.42,363.09,574.1,318,6,1,84
419.06,254.54,452.94,224,0,0,66
640.54,332.4,591.5,86,2,0,8
592.37,312.94,512.3,234,1,0,22
996.39,455.52,1100.64,102,3,0,0
100.4,70.45,85.64,190,5,1,136
328.58,176.43,371.66,183,3,0,75
864.46,477.69,897.55,363,2,0,9
953.1,450.62,902.16,363,1,0,0
345.93,255.05,319.62,228,6,1,71
642.26,329.06,547.65,152,5,1,27
309.13,174.82,284.6,324,0,0,92
198.57,134.65,176.99,443,3,0,98
433.12,258.66,447.69,402,2,0,67
320.57,209.01,288.5,291,3,0,77
556.29,312.65,561.07,268,6,1,68
177.52,84.98,182.32,365,6,1,110
864.27,488.48,811.9,56,1,0,0
904.5,493.79,778.34,14,0,0,0
625.92,364.17,539.03,71,6,1,54
364.39,291.24,312.61,477,1,0,62
271.22,189.29,290.68,93,6,1,89
704.22,416.21,665.78,142,5,1,34
540.86,358.13,588.94,403,4,0,53
170.2,123.18,166.72,345,1,0,104
783.76,459.92,772.71,72,1,0,5
639.8,420.14,642.27,290,3,0,19
696.12,477.41,740.6,53,6,1,52
626.61,376.57,584.04,162,1,0,34
434.7,326.04,385.35,423,2,0,72
506.85,238.21,515.37,279,5,1,60
971.26,469.73,920.84,351,3,0,0
838.84,439.73,824.36,180,3,0,0
91.89,70.35,95.94,165,4,0,121
122.24,61.87,122.02,487,5,1,138
440.56,219.41,456.46,284,2,0,63
816.13,414.75,826.95,367,5,1,6
649.46,494.27,696.18,435,1,0,54
217.01,117.69,230.41,29,4,0,95
645.61,317.36,652.23,492,2,0,28
393.51,221.4,414.63,223,4,0,72
898.21,486.46,998.87,88,5,1,0
711.36,428.95,696.91,148,0,0,25
738.59,427.25,719.26,447,5,1,17
322.06,260.91,347.59,107,1,0,74
435.23,236.67,446.0,386,4,0,66
221.73,173.03,193.2,161,0,0,97
123.23,75.37,137.73,207,1,0,108
655.46,439.13,563.2,282,4,0,24
725.76,415.81,779.84,165,4,0,20
666.54,499.87,718.29,59,5,1,41
942.96,498.49,1071.14,488,6,1,17
598.39,299.94,518.35,237,4,0,25
539.95,396.04,555.64,448,4,0,33
619.74,475.14,606.32,466,3,0,27
581.72,432.34,552.16,19,6,1,48
335.05,161.31,293.87,158,4,0,66
436.79,252.74,445.0,67,5,1,70
180.27,108.12,179.13,171,3,0,93
626.34,479.32,552.03,360,3,0,17
597.0,322.78,617.14,486,0,0,37
316.17,152.89,338.75,116,1,0,74
714.46,352.27,771.75,436,3,0,27
599.23,328.16,672.11,404,2,0,49
269.3,211.17,261.99,298,3,0,83
132.68,101.1,150.72,195,2,0,96
440.02,352.21,488.26,55,6,1,61
414.13,284.14,388.84,454,0,0,90
530.98,397.54,476.71,455,2,0,33
414.76,284.07,406.72,138,0,0,55
687.09,433.48,666.87,414,0,0,28
639.38,298.36,653.9,327,0,0,36
547.5,302.42,561.19,457,2,0,54
904.53,444.49,972.37,96,2,0,0
442.37,231.57,443.69,258,0,0,61
144.78,110.31,127.61,338,6,1,119
121.87,62.95,134.97,449,0,0,109
575.01,389.81,542.19,266,6,1,53
605.32,329.14,690.91,286,1,0,54
565.28,366.84,500.48,287,6,1,49
320.5,145.83,364.56,447,6,1,100
162.99,111.37,142.99,13,6,1,119
83.64,56.55,76.89,74,0,0,118
442.68,207.76,382.46,444,4,0,72
386.33,315.46,410.1,211,1,0,51
429.62,226.51,474.77,72,1,0,71
475.29,246.86,465.89,152,1,0,57
930.36,456.87,1049.97,253,4,0,0
449.49,206.71,461.67,301,1,0,62
611.99,281.3,635.86,294,1,0,47
509.46,402.64,562.25,189,2,0,44
461.88,228.44,433.72,183,5,1,71
609.17,329.94,582.54,334,2,0,41
809.25,438.06,907.81,422,0,0,6
634.0,477.28,710.26,120,0,0,34
214.96,116.18,245.69,184,6,1,113
1019.14,466.96,1142.0,484,3,0,0
573.26,271.45,509.17,162,5,1,37
272.44,166.21,298.9,473,4,0,90
318.18,256.61,309.58,409,2,0,88
767.11,491.01,880.06,365,0,0,30
550.53,271.68,545.95,226,4,0,33
376.38,197.94,382.46,306,1,0,77
555.93,335.03,560.9,458,4,0,38
198.39,158.07,187.78,462,2,0,82
136.88,84.14,119.43,498,5,1,119
180.25,108.0,201.64,413,3,0,115
229.08,107.62,249.88,462,6,1,119
217.9,118.36,194.34,429,2,0,94
170.02,112.47,184.14,486,6,1,116
583.84,338.39,605.88,249,5,1,51
166.92,131.85,162.37,235,0,0,100
446.57,205.55,413.62,195,6,1,58
707.57,453.55,783.93,57,0,0,19
441.75,263.28,468.28,475,4,0,64
544.97,350.4,552.78,395,2,0,33
240.1,127.54,248.0,217,0,0,81
254.25,136.53,223.06,166,1,0,86
130.99,68.39,129.97,234,1,0,105
185.02,126.02,168.02,153,3,0,91
265.8,175.37,242.54,428,4,0,77
171.83,129.65,180.14,120,0,0,113
166.84,89.92,187.42,327,3,0,95
129.29,104.29,125.56,372,1,0,110
462.63,257.35,422.07,371,3,0,49
295.66,142.85,308.85,474,3,0,87
447.27,213.92,497.08,141,0,0,65
456.02,276.54,489.99,122,0,0,44
598.47,360.68,664.68,333,0,0,43
86.44,67.69,87.39,444,4,0,128
766.52,409.73,824.44,98,6,1,45
672.18,332.56,599.6,170,3,0,14
125.38,86.79,119.68,343,3,0,108
718.42,443.11,694.61,417,4,0,40
946.82,464.39,950.03,84,1,0,0
160.95,77.49,181.66,290,2,0,98
251.97,174.59,280.27,421,6,1,102
722.62,412.79,643.39,16,1,0,14
538.5,386.72,485.64,122,4,0,26
173.19,133.03,165.8,45,6,1,120
304.44,144.21,285.33,275,6,1,96
437.87,216.71,452.95,122,3,0,63
525.36,268.04,588.84,301,3,0,51
409.86,328.21,466.71,232,0,0,63
441.47,216.01,461.81,220,0,0,75
422.85,258.14,465.74,27,3,0,59
595.92,386.36,600.43,250,3,0,32
116.15,66.51,105.99,143,5,1,119
211.26,163.6,212.83,229,6,1,110
725.93,371.01,737.93,400,0,0,10
807.16,452.84,865.87,111,0,0,1
388.6,280.25,355.94,149,1,0,55
401.83,289.45,385.95,178,3,0,70
135.97,98.23,130.42,200,6,1,109
315.93,251.34,359.47,491,3,0,69
517.89,289.68,509.18,34,4,0,22
324.64,159.11,349.49,474,1,0,69
208.39,171.16,224.07,446,2,0,113
274.5,219.78,255.2,42,2,0,78
104.65,59.03,106.91,352,2,0,117
393.67,194.94,440.24,338,6,1,93
221.61,145.15,219.96,15,5,1,102
305.85,197.37,346.7,455,0,0,87
186.63,103.89,170.64,203,6,1,120
664.48,450.74,579.59,239,2,0,18
388.98,317.12,434.66,146,4,0,83
688.16,355.6,759.94,332,6,1,52
739.62,405.13,848.92,409,6,1,37
488.46,274.3,514.75,482,0,0,54
173.03,89.11,195.7,225,0,0,94
547.0,291.7,600.65,358,2,0,63
441.56,314.08,487.18,373,0,0,62
598.4,385.45,610.81,192,1,0,27
323.9,244.25,312.47,177,1,0,77
142.84,107.41,161.46,291,2,0,105
333.4,177.7,326.61,47,6,1,88
439.28,213.39,444.39,172,4,0,77
736.76,340.66,724.85,480,0,0,27
561.03,306.85,571.94,461,3,0,46
291.0,210.24,288.42,452,6,1,86
644.9,493.93,557.45,499,2,0,19
649.34,322.6,723.77,151,5,1,55
278.82,156.75,274.17,257,0,0,71
174.2,95.8,178.84,440,2,0,125
235.37,118.79,209.89,112,2,0,85
305.82,160.68,260.26,208,4,0,74
248.83,122.31,229.81,209,3,0,78
168.28,133.96,178.6,51,0,0,102
347.23,178.29,305.48,444,2,0,61
262.55,128.02,294.75,156,2,0,109
674.03,453.54,616.4,75,6,1,43
158.47,86.11,144.43,440,0,0,113
433.1,286.03,391.71,202,2,0,41
506.43,234.68,432.59,307,2,0,45
606.93,492.07,656.42,47,2,0,47
178.72,100.42,198.83,150,1,0,104
312.98,229.04,323.7,115,1,0,66
929.84,486.26,842.86,437,3,0,0
604.67,439.48,565.72,161,4,0,24
599.53,417.68,595.2,361,6,1,46
281.36,166.06,319.71,423,6,1,120
268.37,126.9,248.03,335,0,0,65
495.36,350.89,529.78,47,4,0,57
629.4,468.22,617.97,106,4,0,14
588.76,300.54,553.05,117,6,1,36
522.47,307.23,515.56,128,1,0,23
371.65,175.99,323.85,160,3,0,57
533.63,396.27,581.44,83,4,0,62
247.67,134.17,228.59,66,6,1,100
280.35,195.66,299.31,375,4,0,75
327.58,241.45,285.16,344,2,0,84
524.39,278.42,595.99,261,0,0,66
285.35,159.08,259.07,416,3,0,84
198.76,101.68,221.58,301,6,1,134
490.24,324.78,535.76,322,0,0,66
296.44,179.88,338.05,264,1,0,92
500.2,311.56,496.88,263,4,0,42
260.92,119.46,278.72,394,4,0,97
397.7,266.51,382.28,465,5,1,85
433.0,289.67,392.0,268,0,0,62
113.98,73.32,112.03,279,1,0,101
355.52,201.47,319.87,474,6,1,89
160.46,110.49,183.67,43,5,1,106
166.09,78.52,145.97,335,5,1,93
726.22,495.48,745.66,334,2,0,30
408.81,195.06,424.32,247,5,1,65
540.22,414.44,546.39,188,5,1,59
305.57,164.59,320.44,498,2,0,89
751.51,356.68,664.98,113,4,0,4
536.69,392.1,545.55,38,4,0,38
689.61,318.04,645.59,236,3,0,20
433.4,262.21,490.63,475,5,1,90
504.95,235.33,544.65,241,0,0,60
388.48,206.99,443.55,313,4,0,91
703.18,468.29,605.62,359,1,0,14
588.33,423.78,550.41,344,6,1,50
728.2,484.26,661.66,126,0,0,0
136.97,105.93,116.89,216,3,0,106
509.18,378.89,469.82,409,5,1,70
616.13,472.25,649.17,194,2,0,33
213.51,131.55,196.28,490,3,0,101
159.49,79.92,159.92,147,0,0,96
514.43,383.5,574.28,412,2,0,64
410.42,308.51,434.28,494,1,0,80
790.5,428.82,765.52,332,2,0,15
157.74,112.9,151.7,173,2,0,100
529.26,407.87,522.23,397,1,0,37
192.36,140.73,173.72,84,4,0,85
262.59,123.65,273.15,242,4,0,92
250.5,123.92,240.29,426,2,0,114
647.36,416.56,715.79,293,6,1,47
648.31,349.34,698.21,489,2,0,42
495.78,285.38,512.22,386,3,0,49
396.96,211.47,380.79,264,6,1,69
837.3,444.74,764.44,473,4,0,0
414.39,226.6,448.72,18,1,0,41
612.05,417.47,609.56,212,5,1,61
306.79,247.61,281.46,399,5,1,72
363.6,219.62,330.35,388,2,0,67
539.9,258.21,485.71,314,2,0,28
328.45,185.62,355.76,100,5,1,82
785.37,386.42,721.51,390,3,0,17
605.38,276.22,610.22,341,3,0,39
210.67,154.5,207.61,159,3,0,82
860.4,454.81,880.95,369,0,0,0
417.5,222.75,464.74,185,1,0,58
642.21,294.6,713.06,494,0,0,40
1000.81,457.91,986.12,414,2,0,0
624.32,330.91,533.55,42,3,0,37
148.12,102.6,144.85,474,3,0,88
945.17,472.92,975.28,193,5,1,0
434.55,332.47,442.08,166,5,1,71
397.54,200.71,415.59,62,6,1,88
237.76,112.67,213.09,305,3,0,92
644.71,407.31,673.05,211,4,0,36
602.34,329.03,544.99,283,5,1,48
472.84,290.06,508.37,184,1,0,47
740.68,452.25,704.93,253,0,0,22
611.5,404.87,650.01,278,1,0,46
232.03,118.25,200.56,420,5,1,115
406.46,190.27,395.23,455,3,0,80
346.42,161.82,367.72,83,2,0,76
528.98,384.78,485.64,105,4,0,53
135.04,65.09,147.01,370,5,1,127
593.73,306.45,617.02,182,1,0,35
571.12,393.11,586.12,396,2,0,44
563.36,444.54,538.61,415,5,1,56
299.38,203.94,297.8,164,3,0,73
886.21,419.57,912.09,192,6,1,25
182.92,99.78,181.41,332,3,0,102
827.79,430.9,877.04,298,3,0,8
156.45,107.37,153.34,267,3,0,105
439.12,228.78,399.9,84,5,1,97
502.04,408.78,458.95,183,6,1,48
185.04,117.46,157.61,339,4,0,88
279.79,153.16,263.08,240,4,0,67
504.8,375.01,542.5,256,1,0,51
756.64,374.02,823.41,170,5,1,34
485.78,338.52,442.42,195,6,1,57
671.04,362.28,763.45,400,6,1,46
472.29,294.23,472.63,152,3,0,54
293.31,163.31,330.0,291,4,0,80
268.76,205.56,285.44,404,5,1,108
160.29,131.72,170.99,137,2,0,111
967.87,458.8,847.39,175,4,0,0
459.3,312.53,420.72,36,4,0,57
465.3,230.38,396.74,255,6,1,74
567.22,257.9,604.0,496,1,0,51
672.23,476.28,640.86,144,4,0,17
174.37,119.01,189.36,394,2,0,96
584.57,313.8,556.33,211,3,0,30
601.24,277.65,658.84,30,0,0,31
687.97,325.15,611.75,88,1,0,18
99.02,58.15,89.32,167,2,0,111
882.75,442.46,840.61,103,1,0,0
627.07,469.45,609.85,17,5,1,28
662.62,304.31,632.54,481,3,0,42
786.73,363.49,848.95,348,4,0,11
634.3,465.12,557.61,268,5,1,27
552.17,368.26,527.53,64,4,0,32
154.25,118.64,169.86,408,6,1,146
455.25,309.33,396.08,45,2,0,43
651.2,323.02,737.61,15,3,0,28
380.15,240.86,435.61,386,0,0,74
491.39,381.4,430.74,51,0,0,40
725.56,470.47,680.13,59,4,0,0
1017.63,466.51,978.67,121,5,1,0
462.69,252.88,501.05,155,6,1,83
163.16,100.96,167.86,239,3,0,104
673.95,493.18,703.14,220,3,0,15
934.6,427.5,1006.8,315,2,0,0
214.41,106.1,189.84,39,5,1,96
687.97,464.38,756.74,470,0,0,34
560.68,441.45,595.26,304,2,0,59
356.22,283.48,364.49,125,1,0,68
417.34,316.07,466.13,405,3,0,69
408.78,229.55,433.34,235,0,0,84
158.9,74.64,144.68,68,2,0,105
340.77,200.84,333.59,85,4,0,76
840.23,411.28,838.73,437,1,0,22
85.73,52.08,74.29,225,2,0,115
381.86,200.07,433.94,141,4,0,51
442.74,229.18,393.41,429,0,0,66
400.96,291.83,424.71,313,0,0,53
724.3,463.94,725.66,407,1,0,24
378.22,205.86,324.39,90,4,0,43
261.93,206.13,295.3,314,3,0,86
596.31,381.88,659.26,76,6,1,50
439.77,253.5,442.97,239,6,1,66
331.79,151.07,304.81,480,0,0,74
424.66,253.6,376.45,342,5,1,84
228.59,113.39,219.22,402,3,0,86
211.15,129.37,195.66,286,3,0,98
547.54,274.27,548.64,370,6,1,51
428.24,238.52,488.16,81,2,0,61
963.34,461.68,985.0,218,2,0,0
343.26,213.08,383.41,281,0,0,68
561.62,311.26,587.04,153,3,0,28
612.18,334.52,607.63,260,2,0,38
90.4,55.89,100.02,293,4,0,124
468.62,348.59,464.59,188,4,0,52
168.31,130.12,186.93,449,4,0,101
587.02,482.48,550.32,89,4,0,32
242.39,116.9,215.4,66,3,0,83
339.84,236.58,376.07,375,4,0,83
124.79,88.41,128.06,317,3,0,83
965.29,498.59,1077.97,183,6,1,0
419.51,275.99,474.61,471,0,0,64
542.39,317.92,469.76,247,0,0,38
109.25,80.18,109.28,175,4,0,109
836.86,387.48,805.47,93,4,0,0
296.37,144.46,307.56,57,4,0,80
937.22,454.12,1019.76,136,0,0,0
228.66,142.31,213.61,178,2,0,102
266.51,135.81,271.05,363,0,0,100
89.3,66.45,94.89,383,4,0,102
317.18,262.43,282.39,452,2,0,81
371.09,304.18,406.05,358,2,0,69
142.16,79.57,146.68,76,1,0,102
660.48,398.99,749.56,339,6,1,62
436.34,253.98,415.34,349,3,0,81
345.31,285.98,304.71,203,6,1,91
402.98,248.34,403.77,164,4,0,66
441.81,230.34,386.92,169,3,0,48
495.83,301.84,565.67,193,1,0,58
231.59,119.86,199.54,275,3,0,101
188.97,131.87,203.34,177,4,0,96
881.36,437.8,888.0,154,1,0,0
850.85,475.75,817.31,195,3,0,0
307.53,217.99,267.48,383,0,0,83
246.88,171.84,255.93,362,2,0,94
621.16,339.8,637.05,271,6,1,42
474.86,233.93,443.65,432,1,0,65
99.24,61.42,111.45,283,0,0,108
175.39,120.27,165.08,466,4,0,101
769.32,372.19,757.71,337,2,0,10
647.73,346.52,656.23,354,6,1,42
102.5,62.19,90.21,232,1,0,110
253.0,149.89,285.8,51,2,0,98
216.23,153.98,208.09,13,5,1,91
643.68,352.35,562.72,285,5,1,41
91.76,58.87,88.66,293,1,0,114
212.65,96.85,219.04,433,1,0,99
688.81,409.96,691.63,202,3,0,30
219.75,130.35,232.57,113,2,0,91
606.99,343.74,526.04,256,5,1,46
332.72,157.18,311.21,309,6,1,96
189.57,94.75,207.73,32,5,1,104
263.24,159.43,230.06,450,2,0,89
719.55,375.02,796.29,312,5,1,38
777.13,435.06,681.98,22,6,1,8
716.88,423.6,788.81,153,0,0,19
318.47,228.73,305.17,227,5,1,95
583.44,350.64,603.08,192,5,1,54
205.66,142.24,184.24,360,4,0,98
384.72,181.92,334.65,251,0,0,62
696.08,453.35,636.76,202,3,0,0
120.21,55.85,106.79,474,1,0,110
153.34,88.48,144.71,281,6,1,117
262.92,143.55,264.05,384,5,1,106
107.96,61.94,110.83,174,6,1,117
175.01,131.65,190.23,189,3,0,87
492.24,312.37,515.31,126,3,0,57
311.33,239.64,321.49,275,0,0,77
823.43,451.7,801.64,387,6,1,19
688.15,417.85,682.74,47,1,0,14
403.15,203.82,392.81,53,4,0,59
236.85,166.74,261.16,360,3,0,90
301.38,220.86,276.97,83,4,0,64
507.01,315.63,431.83,447,1,0,50
362.86,170.63,379.33,378,1,0,69
632.1,330.87,575.67,235,0,0,26
379.21,234.24,423.59,316,6,1,93
512.47,298.42,567.67,317,2,0,49
316.25,246.26,276.09,463,6,1,81
398.71,182.51,351.63,357,5,1,102
889.91,476.8,888.62,485,0,0,0
584.69,393.62,603.85,324,6,1,62
201.89,113.05,188.25,22,4,0,108
577.23,440.81,614.78,434,6,1,69
583.36,269.34,599.97,21,0,0,32
622.16,452.55,589.46,59,1,0,24
757.57,409.93,649.7,497,3,0,0
348.85,241.35,375.03,322,5,1,101
115.27,60.11,105.4,443,5,1,131
337.85,170.9,371.75,258,2,0,73
550.29,293.74,537.13,128,1,0,28
607.98,335.07,622.03,66,5,1,33
347.45,166.05,386.33,191,5,1,100
144.11,112.71,159.84,459,3,0,110
651.74,425.72,626.62,273,4,0,27
713.98,492.98,651.62,115,4,0,1
627.0,286.56,678.75,200,4,0,20
202.26,127.26,198.2,146,0,0,102
333.45,172.54,302.64,197,4,0,71
109.83,58.28,123.16,129,4,0,117
651.58,461.43,592.57,251,0,0,18
148.2,102.99,127.12,328,3,0,100
458.36,309.43,392.39,81,1,0,53
279.25,173.32,289.5,252,5,1,107
429.41,299.38,450.24,140,2,0,68
418.51,343.14,394.79,466,5,1,76
880.38,423.38,832.84,278,4,0,0
309.44,142.89,294.54,402,4,0,91
84.71,54.95,89.28,488,6,1,131
171.7,111.6,148.94,482,5,1,111
549.24,455.01,619.94,61,5,1,74
833.42,443.25,764.04,71,6,1,0
645.78,318.84,742.59,128,4,0,42
431.23,320.23,388.73,374,0,0,58
474.89,349.27,513.57,273,0,0,40
256.56,128.92,235.27,248,0,0,96
838.19,461.49,732.79,360,2,0,0
296.83,238.45,330.22,390,1,0,67
405.36,222.41,448.98,264,4,0,74
427.8,283.51,415.42,182,3,0,64
111.59,71.13,118.37,318,5,1,119
245.88,124.83,250.09,246,5,1,105
768.41,382.12,849.77,328,4,0,0
139.65,87.26,131.9,104,4,0,107
690.13,321.42,695.04,346,4,0,26
257.69,160.41,256.56,66,5,1,97
444.02,225.18,424.56,447,6,1,76
302.95,179.91,338.53,412,4,0,91
440.59,210.05,396.43,76,5,1,66
787.4,373.57,704.6,55,1,0,0
236.5,183.7,241.96,103,3,0,109
651.38,304.88,682.16,147,0,0,40
535.19,264.22,486.16,378,6,1,45
694.27,348.65,671.51,102,3,0,12
660.63,471.57,749.14,241,4,0,32
761.26,379.66,703.39,411,3,0,19
300.8,146.72,315.99,405,4,0,63
95.35,64.03,102.22,58,3,0,103
361.62,168.02,355.99,32,2,0,48
397.19,317.79,449.32,71,3,0,64
98.73,73.14,105.74,276,0,0,107
474.99,273.36,469.0,338,0,0,56
565.73,318.58,577.5,127,6,1,48
369.79,200.41,391.15,449,3,0,68
483.03,396.91,496.39,97,5,1,72
211.65,97.97,235.69,98,5,1,112
104.31,83.81,99.83,64,5,1,126
507.25,377.68,476.8,162,3,0,42
331.39,272.97,302.94,248,5,1,82
635.68,359.78,547.54,274,1,0,20
523.84,245.67,452.02,277,3,0,45
300.2,160.88,333.52,404,0,0,65
846.68,418.6,891.99,122,6,1,19
497.13,409.74,521.07,175,5,1,69
631.68,362.61,653.4,165,2,0,31
286.22,172.47,316.2,17,5,1,94
536.2,315.6,533.03,211,0,0,18
270.27,212.44,300.3,226,1,0,83
171.88,91.21,164.64,440,3,0,120
788.24,462.79,889.14,301,5,1,33
219.25,111.57,232.32,390,2,0,93
804.91,477.61,746.27,59,6,1,10
338.29,250.7,344.8,116,0,0,76
246.39,133.31,248.83,18,6,1,105
403.28,293.86,359.47,242,6,1,73
917.71,442.83,942.83,197,2,0,0
688.08,379.5,649.85,465,4,0,39
560.46,412.95,485.19,332,0,0,45
749.15,346.45,849.98,318,4,0,47
621.23,361.52,647.6,347,2,0,30
550.07,432.14,612.27,119,3,0,63
296.59,162.35,312.25,492,3,0,79
392.71,270.24,375.86,154,3,0,66
299.64,149.54,300.78,237,6,1,102
997.71,494.45,1050.32,318,4,0,0
1034.62,474.83,1177.48,421,6,1,3
115.29,67.74,106.77,123,3,0,113
608.21,367.51,676.63,72,6,1,45
911.03,466.36,1026.93,408,1,0,20
174.9,131.26,183.84,284,0,0,86
533.81,305.58,602.88,133,0,0,69
806.71,461.97,782.0,95,6,1,23
84.17,65.28,95.61,79,2,0,109
588.69,363.84,624.5,56,5,1,47
377.41,183.81,325.55,208,4,0,57
958.12,465.98,1075.07,373,0,0,0
632.7,486.98,629.75,441,6,1,48
612.99,474.92,605.69,210,4,0,44
385.27,263.4,392.95,285,2,0,88
908.58,437.92,813.01,46,3,0,0
571.49,430.05,566.2,212,5,1,45
371.7,193.6,408.63,139,2,0,65
550.41,423.01,470.4,457,1,0,37
121.52,66.65,113.24,479,3,0,100
495.33,318.32,421.39,301,3,0,33
305.31,153.5,297.59,398,3,0,102
149.47,104.26,159.71,73,2,0,103
155.65,84.63,169.6,272,1,0,95
521.63,363.33,591.29,463,5,1,81
388.37,202.94,401.01,129,4,0,54
780.0,376.15,722.59,287,2,0,0
105.36,79.41,118.77,211,0,0,102
396.54,191.88,429.29,55,0,0,81
525.11,292.77,536.83,177,2,0,43
538.58,405.83,570.19,454,4,0,27
314.83,193.44,354.91,119,0,0,91
451.33,331.65,480.09,55,4,0,53
852.67,448.69,819.0,221,3,0,0
640.82,327.14,681.77,37,2,0,26
202.18,154.83,174.29,96,3,0,94
104.04,60.98,100.5,300,0,0,114
889.55,441.54,864.55,394,4,0,10
127.25,59.57,114.54,166,3,0,94
760.14,443.62,651.39,274,0,0,1
619.33,288.02,551.21,274,6,1,34
820.25,472.58,858.3,31,1,0,0
652.75,409.45,711.94,265,3,0,42
1022.2,499.07,1171.91,200,1,0,0
351.84,207.82,335.62,459,1,0,78
660.79,395.23,680.49,473,5,1,52
390.24,230.87,441.42,241,0,0,65
544.33,265.94,489.96,195,2,0,27
675.37,332.38,719.47,335,4,0,30
710.61,443.15,764.96,192,6,1,49
755.67,492.84,662.49,406,0,0,22
669.53,395.72,742.1,490,5,1,60
421.91,238.0,461.54,412,5,1,84
344.64,239.61,296.4,472,6,1,91
761.52,381.91,668.1,426,3,0,5
265.54,157.45,229.62,211,4,0,71
152.96,99.71,145.38,74,5,1,113
273.88,209.58,274.65,453,2,0,75
257.92,179.26,260.43,405,0,0,88
394.05,183.34,366.58,52,2,0,76
233.48,155.12,262.31,230,3,0,101
94.37,68.94,90.64,26,0,0,97
96.39,58.04,83.25,333,3,0,110
745.22,494.48,700.56,294,4,0,1
299.52,242.5,302.32,192,4,0,79
339.58,222.95,330.23,400,2,0,87
620.63,355.84,578.52,53,2,0,30
259.63,148.21,230.91,470,4,0,112
743.23,477.48,814.39,398,1,0,36
665.27,403.86,764.29,197,4,0,36
195.41,90.23,185.41,399,6,1,119
375.27,237.91,361.94,491,0,0,70
649.79,445.6,672.8,272,6,1,34
685.83,475.13,730.78,183,3,0,38
431.57,260.33,417.59,450,4,0,73
638.87,326.04,716.48,63,4,0,31
175.98,125.17,179.15,229,5,1,116
947.06,496.03,932.97,55,3,0,0
188.37,154.25,196.65,403,5,1,124
767.75,474.23,872.04,269,3,0,6
676.42,342.34,736.19,204,6,1,46
497.75,323.48,429.06,418,0,0,45
495.1,280.71,470.19,480,3,0,64
216.09,153.8,214.18,356,2,0,105
251.37,129.44,237.38,471,4,0,104
186.86,149.22,198.09,70,3,0,83
274.83,133.9,301.73,175,0,0,77
560.42,400.81,599.31,169,3,0,54
430.55,207.56,493.76,160,4,0,59
118.04,76.03,109.98,120,1,0,89
934.61,486.1,1039.75,497,3,0,6
680.16,447.7,734.57,46,2,0,19
984.49,467.49,943.78,12,4,0,0
660.28,497.71,706.65,492,0,0,38
176.8,128.25,155.8,22,6,1,108
386.53,228.31,420.09,171,6,1,80
501.5,391.21,506.37,353,4,0,68
507.03,363.21,475.44,458,5,1,69
255.65,119.25,267.6,341,1,0,86
907.87,417.12,946.44,273,0,0,0
238.01,151.0,217.27,92,1,0,83
320.02,150.72,274.93,274,6,1,78
508.86,291.64,498.73,421,1,0,61
465.65,316.82,475.36,343,2,0,40
591.72,311.04,658.57,389,6,1,59
169.47,91.17,191.25,228,3,0,107
973.85,444.86,982.26,155,2,0,0
248.35,169.52,267.26,307,2,0,84
202.71,108.28,199.02,306,5,1,117
563.33,449.94,604.92,463,2,0,40
630.61,480.04,574.76,170,0,0,23
527.26,437.96,506.87,238,3,0,50
911.2,414.28,947.89,243,3,0,0
690.5,344.86,590.69,98,6,1,17
591.82,297.89,631.31,342,0,0,54
152.41,89.14,167.75,319,2,0,106
350.72,233.8,340.11,224,2,0,78
294.18,217.71,289.59,429,1,0,99
247.78,166.89,273.89,106,6,1,114
591.84,375.54,640.78,222,6,1,67
534.35,273.14,500.39,363,1,0,46
150.43,86.47,142.49,321,5,1,126
190.45,149.08,200.67,109,4,0,97
435.4,357.47,443.66,154,1,0,47
109.73,84.26,98.61,19,3,0,106
697.42,433.04,657.65,480,0,0,24
581.97,272.82,651.8,53,2,0,47
489.23,266.26,516.85,260,4,0,53
633.75,316.58,726.14,395,1,0,34
701.72,421.11,757.93,236,6,1,47
322.51,206.51,365.27,407,4,0,71
464.62,355.11,425.06,258,0,0,66
632.29,304.58,683.78,178,0,0,32
337.46,170.16,288.89,139,6,1,85
609.34,445.38,640.55,28,4,0,38
700.04,408.84,693.59,345,4,0,27
584.34,346.3,557.48,244,5,1,35
789.83,432.76,875.7,354,4,0,25
944.93,440.28,1045.36,10,2,0,0
656.31,368.76,562.26,139,3,0,9
742.47,426.66,766.87,36,1,0,4
454.95,363.86,436.91,11,6,1,62
449.68,356.06,438.3,259,1,0,44
455.57,328.38,500.95,231,1,0,78
479.09,388.72,451.76,444,4,0,69
235.87,121.37,267.22,147,6,1,110
858.56,446.39,776.04,284,4,0,0
590.98,442.33,619.83,499,5,1,57
128.6,63.16,135.24,473,4,0,118
571.2,421.62,528.74,150,5,1,66
162.11,107.99,153.59,441,5,1,113
290.96,200.8,320.18,265,2,0,73
604.68,384.58,652.17,379,2,0,57
177.97,122.34,168.84,321,2,0,81
706.13,418.09,713.32,465,2,0,14
682.28,424.46,592.56,449,0,0,15
608.65,278.36,555.47,443,2,0,17
66.41,52.87,66.12,104,2,0,123
240.47,179.17,210.61,182,2,0,93
410.45,327.62,452.72,482,5,1,82
897.46,491.53,956.16,452,1,0,13
419.4,334.32,475.22,432,6,1,101
339.91,166.91,359.63,414,1,0,78
574.02,335.3,649.86,448,1,0,46
506.0,292.99,514.28,66,3,0,69
706.28,400.93,727.51,111,0,0,26
134.53,98.14,153.78,178,5,1,123
548.54,392.46,571.93,486,4,0,63
445.88,293.57,383.12,79,5,1,66
866.88,483.35,925.08,347,2,0,0
287.44,203.84,322.41,58,1,0,82
440.55,334.68,479.62,437,5,1,92
1018.68,469.41,1044.3,428,0,0,0
117.47,96.13,123.51,356,2,0,107
944.78,471.75,1083.71,14,3,0,6
714.8,359.55,627.02,464,4,0,8
120.57,80.53,126.61,211,2,0,122
247.67,185.43,231.58,211,6,1,115
496.1,368.68,516.95,188,4,0,51
152.38,80.31,157.3,66,5,1,108
574.91,311.98,515.14,195,2,0,29
407.75,205.65,371.87,101,3,0,84
704.11,329.41,729.8,301,5,1,57
133.54,70.58,118.65,403,0,0,108
599.55,442.19,557.31,443,4,0,29
704.5,488.07,775.36,492,4,0,32
992.5,486.0,941.01,236,0,0,0
545.89,387.34,543.93,430,6,1,49
138.12,108.54,156.4,121,4,0,104
744.6,391.22,683.65,157,5,1,34
97.86,61.06,94.62,278,1,0,93
127.11,59.96,131.17,212,6,1,129
361.96,195.62,389.68,387,0,0,90
348.27,269.89,390.24,374,3,0,74
852.02,396.68,958.22,412,6,1,43
521.41,357.48,564.68,357,2,0,46
385.31,250.66,353.91,367,2,0,71
277.4,173.13,237.86,65,0,0,73
623.99,498.71,602.24,310,1,0,27
410.19,241.78,366.08,325,5,1,69
334.96,253.12,356.11,461,3,0,88
197.93,123.63,207.5,194,2,0,104
632.17,407.66,545.68,63,2,0,17
714.48,362.16,786.62,46,5,1,22
299.17,149.35,276.62,220,1,0,81
117.84,87.07,115.45,302,4,0,112
558.04,356.22,586.16,279,6,1,58
542.07,344.53,530.59,360,0,0,63
233.75,172.97,229.63,229,1,0,73
955.04,477.89,830.59,237,1,0,0
225.01,117.98,218.35,437,1,0,87
340.02,244.55,367.03,367,1,0,86
743.61,474.63,836.23,220,4,0,12
311.93,238.88,303.83,307,5,1,84
616.72,337.34,602.58,10,3,0,36
302.49,228.92,320.87,32,6,1,97
379.03,173.4,429.38,457,1,0,81
976.06,492.79,907.85,293,6,1,0
372.43,234.2,365.75,397,1,0,67
804.52,452.34,875.96,434,0,0,11
324.05,153.48,334.71,197,2,0,84
255.92,145.9,226.02,27,4,0,66
87.98,64.01,91.35,456,1,0,95
541.89,343.25,490.97,454,3,0,38
440.99,215.84,442.34,58,3,0,64
809.54,438.96,816.61,56,3,0,3
486.64,262.94,541.56,124,0,0,64
1003.83,485.69,992.53,48,3,0,0
279.52,133.49,261.02,226,5,1,99
934.58,440.88,859.15,219,0,0,0
517.25,399.47,575.33,271,4,0,40
692.27,396.91,623.94,220,3,0,22
834.71,430.15,816.15,62,2,0,0
768.02,392.46,695.94,469,1,0,38
599.47,331.8,648.62,290,4,0,19
149.06,109.06,147.92,364,5,1,133
129.11,64.64,123.34,330,2,0,103
891.66,464.38,854.51,142,4,0,0
421.2,327.49,465.71,458,5,1,80
679.57,408.44,690.53,273,3,0,27
366.42,266.69,390.37,304,4,0,84
158.04,102.79,176.86,120,4,0,118
129.52,106.33,145.13,52,4,0,117
573.73,358.5,544.21,347,0,0,28
426.34,243.64,484.2,247,2,0,78
255.17,140.24,218.8,388,6,1,105
505.41,271.22,486.74,466,5,1,60
160.65,78.89,179.73,398,3,0,104
441.46,311.89,411.62,256,1,0,49
225.86,171.05,210.49,13,3,0,85
838.88,408.9,789.2,373,3,0,0
257.3,189.66,265.97,358,0,0,79
554.24,254.85,543.98,394,0,0,49
112.81,55.23,120.48,359,4,0,117
140.49,82.6,157.14,321,3,0,105
494.36,226.62,520.19,182,2,0,66
345.07,265.97,314.47,202,0,0,67
480.99,320.01,543.43,12,5,1,66
333.17,181.25,309.64,287,0,0,80
562.25,362.74,503.2,465,2,0,38
930.22,437.06,815.79,65,0,0,0
507.43,400.93,517.08,283,6,1,40
118.66,67.83,104.91,418,2,0,109
476.78,266.23,425.11,185,6,1,44
180.12,97.22,169.31,125,6,1,97
231.33,158.92,216.18,93,1,0,72
772.89,494.0,797.06,168,2,0,0
233.23,114.12,255.39,295,1,0,88
382.91,274.5,412.93,89,5,1,77
665.16,328.17,617.76,75,4,0,24
645.32,366.11,596.02,218,4,0,25
592.27,301.84,675.03,19,6,1,36
104.09,54.4,88.74,208,0,0,108
277.15,196.91,308.72,68,2,0,86
500.52,282.97,455.43,243,0,0,42
185.14,89.54,209.99,316,2,0,100
339.12,207.78,323.08,253,0,0,74
140.7,64.94,138.18,388,4,0,114
141.03,85.36,149.8,402,5,1,107
306.98,228.62,315.06,63,4,0,74
174.4,109.72,164.87,455,0,0,117
657.12,305.39,667.73,346,2,0,44
547.49,360.26,585.39,402,3,0,58
848.47,410.26,731.97,18,5,1,2
291.52,140.07,248.77,110,2,0,91
194.34,125.37,191.9,417,0,0,118
124.55,97.06,110.79,304,2,0,105
647.41,336.39,679.33,212,1,0,21
556.11,367.91,508.4,401,2,0,37
127.33,64.21,124.77,162,4,0,135
774.18,471.3,703.96,119,6,1,0
123.68,73.39,125.48,331,4,0,104
580.68,293.58,513.8,275,1,0,18
584.01,369.08,500.46,382,5,1,48
726.16,441.94,628.37,161,2,0,0
585.3,371.34,665.06,473,5,1,64
643.83,410.78,574.74,92,3,0,0
349.94,202.75,371.83,452,2,0,85
837.01,416.67,728.51,424,4,0,4
134.39,86.05,118.59,404,6,1,118
780.51,452.67,782.59,143,4,0,5
554.51,296.42,548.67,335,5,1,56
613.91,417.78,697.08,169,0,0,41
374.62,253.54,424.61,48,4,0,69
724.53,339.61,785.3,185,0,0,29
551.83,286.88,568.73,22,4,0,52
673.94,379.22,664.83,324,4,0,16
160.26,86.73,153.34,76,6,1,109
94.85,77.16,107.57,449,3,0,125
293.07,161.2,302.12,257,0,0,68
208.21,121.8,213.15,50,0,0,71
772.15,442.3,710.05,193,4,0,4
231.8,148.65,200.28,44,0,0,88
626.82,489.14,710.54,431,4,0,36
280.9,201.6,265.2,346,4,0,77
283.8,131.95,278.91,460,5,1,94
652.11,405.36,576.72,299,2,0,12
577.37,346.42,635.73,85,0,0,48
343.48,274.19,294.8,481,6,1,76
371.16,299.91,408.35,79,1,0,67
716.34,373.64,639.03,243,5,1,16
265.59,152.8,296.39,20,0,0,69
851.53,498.35,910.23,377,6,1,29
705.19,488.66,634.25,292,0,0,8
666.36,342.65,679.52,313,3,0,30
191.27,139.79,180.52,33,1,0,76
494.96,356.1,447.18,283,1,0,39
136.99,82.49,151.75,36,6,1,124
94.82,63.79,92.07,63,3,0,133
240.22,165.96,232.91,64,3,0,65
476.4,258.18,429.22,385,0,0,50
815.77,440.72,787.15,242,2,0,4
763.7,377.23,848.84,286,6,1,29
621.55,384.22,596.03,452,3,0,42
307.41,241.47,349.06,380,1,0,77
303.09,205.67,343.67,427,6,1,104
472.99,216.97,422.6,129,1,0,41
888.15,494.44,802.17,234,0,0,0
129.96,68.05,144.1,67,6,1,111
531.44,440.16,514.34,264,2,0,40
533.34,310.4,454.04,185,4,0,45
306.14,247.38,285.37,63,6,1,78
665.88,376.37,685.38,155,3,0,26
570.49,269.0,621.71,268,3,0,27
960.7,443.04,855.04,161,0,0,0
792.5,455.32,699.91,394,5,1,19
397.6,239.77,447.94,271,5,1,76
374.46,174.57,402.67,28,2,0,62
593.11,316.56,609.08,351,1,0,45
582.57,460.56,629.61,380,1,0,39
241.19,144.8,236.05,180,4,0,95
475.76,330.33,512.65,388,1,0,62
558.05,334.2,536.59,401,5,1,62
628.91,379.9,580.63,206,5,1,52
194.62,109.21,207.99,445,3,0,104
579.31,372.12,565.35,82,4,0,49
626.29,459.06,716.73,312,2,0,50
222.94,130.86,212.88,94,4,0,82
318.53,156.89,358.83,293,6,1,110
908.01,487.13,1025.95,311,2,0,4
202.2,131.44,186.54,141,5,1,102
927.83,434.47,1010.84,129,1,0,0
573.52,271.53,562.0,225,0,0,48
227.26,161.25,255.73,145,4,0,96
547.62,441.84,539.43,125,4,0,58
486.08,250.39,521.7,70,3,0,63
571.11,281.67,565.45,26,3,0,40
458.84,211.66,421.37,43,5,1,53
662.12,316.83,602.4,29,2,0,13
222.52,123.59,217.54,217,0,0,91
390.97,225.99,420.94,467,6,1,96
597.02,486.24,615.84,171,3,0,42
240.38,166.16,253.98,308,3,0,93
573.45,345.53,536.0,19,1,0,32
359.0,196.34,357.0,103,1,0,75
699.5,398.06,603.89,423,5,1,20
211.54,108.89,231.69,380,5,1,130
719.79,486.42,825.57,418,3,0,10
448.66,254.21,436.13,392,2,0,74
201.24,156.22,171.71,450,6,1,110
134.05,83.07,120.77,375,0,0,116
246.48,126.39,257.76,456,3,0,97
537.53,283.9,555.61,116,2,0,47
441.75,201.65,479.9,114,2,0,65
625.14,423.0,578.99,80,3,0,31
414.19,243.9,446.95,440,2,0,67
247.66,161.92,261.63,93,4,0,96
537.65,327.72,509.07,218,2,0,30
757.06,368.05,767.39,268,3,0,13
235.84,125.17,210.89,248,2,0,95
261.2,125.43,257.48,311,6,1,112
93.34,66.5,104.01,241,3,0,116
790.74,381.38,772.05,429,1,0,4
439.29,348.71,484.05,291,3,0,73
550.52,263.58,565.43,403,2,0,40
657.31,429.88,596.55,427,3,0,41
624.85,412.55,640.05,215,0,0,31
536.58,313.41,537.55,273,3,0,30
943.45,440.72,914.76,320,3,0,0
177.97,142.63,157.66,356,0,0,99
155.79,100.36,151.9,403,0,0,106
352.47,171.39,307.29,194,0,0,86
120.8,75.69,106.26,123,5,1,108
404.39,289.03,394.19,88,4,0,60
766.05,471.47,721.32,366,5,1,12
107.35,67.7,121.05,351,3,0,107
222.01,104.95,213.73,310,5,1,124
497.33,253.49,535.8,59,5,1,54
801.82,470.24,809.1,329,0,0,13
420.76,192.27,446.52,104,0,0,65
463.37,278.26,430.03,267,1,0,52
86.45,68.71,97.91,438,5,1,137
170.73,116.75,172.27,360,4,0,90
808.19,493.98,888.52,71,3,0,25
657.15,484.3,630.55,151,6,1,56
112.15,52.22,98.7,339,6,1,124
940.77,478.32,989.8,231,2,0,13
495.7,337.6,422.5,365,4,0,42
788.96,440.56,783.11,120,4,0,7
489.26,254.63,444.17,113,1,0,59
603.88,282.02,626.96,24,3,0,28
562.0,269.98,642.83,279,3,0,36
600.47,350.09,594.06,168,0,0,17
222.83,112.84,244.05,166,0,0,113
111.88,63.49,112.14,36,4,0,99
330.5,188.57,330.09,94,1,0,70
482.65,367.11,544.97,18,3,0,43
186.77,140.83,208.61,285,1,0,109
610.6,353.04,662.96,236,2,0,31
714.54,486.46,670.87,195,6,1,22
112.65,92.26,114.17,88,3,0,108
678.13,352.67,621.96,225,0,0,7
307.74,249.69,302.56,442,4,0,80
791.11,440.66,787.37,66,1,0,16
225.6,129.72,248.05,153,6,1,111
784.42,361.68,877.62,365,6,1,35
719.41,427.15,700.99,340,6,1,34
600.31,475.08,513.45,401,0,0,25
626.16,357.46,694.12,76,4,0,54
558.71,273.73,504.11,284,0,0,28
720.64,328.03,746.98,114,3,0,19
718.99,441.01,616.53,460,1,0,12
466.39,306.77,452.33,429,2,0,67
134.14,63.67,153.7,482,5,1,138
652.39,468.93,574.24,197,6,1,33
654.08,360.29,639.1,173,0,0,27
569.12,354.43,536.19,276,5,1,55
182.51,147.05,204.69,60,1,0,73
536.13,346.5,595.54,135,3,0,32
332.96,227.24,306.76,89,0,0,63
647.03,343.05,565.74,192,3,0,13
210.51,97.97,218.54,319,2,0,84
507.99,346.03,483.05,26,6,1,64
1005.2,499.74,1057.1,455,2,0,0
90.0,71.7,77.37,179,6,1,122
851.21,489.73,757.59,289,4,0,0
296.18,233.11,312.74,410,4,0,85
942.9,441.84,861.54,313,4,0,0
790.62,402.07,875.43,349,3,0,15
566.97,305.16,491.89,223,4,0,33
773.74,382.3,707.7,207,1,0,4
822.76,445.33,945.82,16,5,1,9
502.9,231.86,492.8,407,5,1,69
377.37,197.16,400.34,20,3,0,56
744.52,350.42,673.64,21,3,0,0
710.09,413.53,733.49,119,4,0,25
517.64,393.03,552.76,142,6,1,84
706.85,409.02,667.51,398,5,1,34
326.43,246.01,358.64,137,5,1,84
749.31,418.03,772.56,157,4,0,15
175.14,104.09,169.31,63,3,0,104
537.7,295.02,546.99,320,2,0,53
63.64,52.59,65.1,451,6,1,162
273.48,196.06,246.04,88,2,0,71
363.48,214.91,352.87,355,4,0,74
490.91,228.28,467.85,106,2,0,62
574.79,362.96,557.7,258,1,0,52
365.24,224.85,393.85,136,1,0,51
482.34,251.91,479.81,39,1,0,48
283.01,156.89,320.39,33,3,0,97
326.71,217.96,306.49,480,3,0,107
245.28,152.27,239.08,210,3,0,94
117.58,82.94,127.7,140,3,0,102
696.49,321.55,706.1,131,3,0,9
466.65,350.7,473.23,365,4,0,80
516.77,328.77,447.53,441,2,0,52
316.97,258.57,307.33,336,4,0,70
314.08,220.9,292.47,159,2,0,72
868.44,438.5,998.53,23,4,0,6
397.35,283.59,374.51,313,1,0,70
340.03,265.63,379.25,38,0,0,65
103.04,61.54,108.49,59,3,0,100
246.3,203.56,234.55,473,0,0,75
284.05,221.09,287.76,249,0,0,93
460.69,229.47,507.75,491,1,0,62
613.28,311.08,683.81,403,0,0,48
613.65,290.12,551.13,464,0,0,45
664.75,323.56,632.76,482,1,0,29
742.34,394.2,705.65,292,2,0,10
520.77,415.84,449.23,344,4,0,44
739.91,373.16,761.72,361,5,1,34
981.82,479.99,1086.33,165,0,0,0
116.36,58.2,112.22,146,3,0,108
235.94,138.1,252.93,336,1,0,88
76.52,53.4,79.45,345,6,1,141
698.2,341.36,672.15,163,6,1,43
875.15,454.11,780.91,492,0,0,0
347.98,159.57,369.83,90,5,1,102
633.33,467.17,700.7,96,2,0,37
109.95,77.12,116.08,273,2,0,112
664.25,470.5,568.17,267,5,1,41
414.91,208.23,379.59,488,3,0,58
132.64,95.64,115.51,194,0,0,112
340.28,268.64,347.46,189,3,0,70
363.97,165.55,391.98,195,2,0,57
218.25,178.19,192.76,132,6,1,92
383.2,188.28,422.09,386,2,0,80
643.93,411.36,654.66,105,4,0,17
597.42,292.62,631.47,102,2,0,52
333.53,190.09,380.7,12,1,0,87
682.3,324.65,597.08,401,4,0,30
791.51,372.27,886.79,452,3,0,21
208.79,172.68,185.37,11,2,0,89
301.12,236.1,291.45,488,5,1,87
152.07,104.85,168.1,455,1,0,118
245.85,131.52,275.81,380,4,0,98
744.48,356.5,745.9,314,1,0,20
218.53,131.65,224.7,366,4,0,112
517.38,286.32,549.69,157,4,0,43
512.45,369.07,563.61,294,4,0,53
196.68,98.09,174.34,154,5,1,110
661.66,305.29,723.21,339,3,0,24
242.98,165.45,241.62,370,4,0,89
819.14,483.32,807.0,415,4,0,9
344.16,267.6,336.3,271,1,0,70
725.99,412.7,728.0,71,4,0,26
506.75,297.6,574.41,500,3,0,46
93.49,69.54,94.84,235,6,1,137
549.96,334.92,624.73,40,5,1,67
733.5,478.13,663.15,199,5,1,16
552.23,320.73,589.37,384,1,0,39
747.54,418.63,817.56,277,6,1,15
541.28,447.89,570.36,21,4,0,34
299.32,152.64,308.92,200,1,0,91
278.19,145.42,283.6,409,5,1,101
508.95,324.94,564.06,34,3,0,61
294.39,234.96,322.8,415,1,0,81
836.59,427.94,741.79,100,3,0,0
980.63,455.01,1083.18,97,6,1,0
301.05,209.04,293.29,341,6,1,86
238.57,156.59,220.94,283,2,0,87
555.24,401.24,616.83,310,4,0,42
308.59,173.66,302.29,120,3,0,60
569.27,420.18,621.94,89,4,0,40
374.55,240.68,347.96,333,6,1,84
664.71,350.4,565.79,149,3,0,26
163.67,92.99,163.45,442,0,0,114
524.7,330.74,461.77,426,6,1,71
410.4,253.3,441.72,223,0,0,73
553.26,313.97,516.09,456,0,0,46
151.46,125.61,148.9,27,6,1,100
487.87,381.59,427.43,63,3,0,44
912.13,438.26,853.75,377,5,1,6
188.53,147.53,204.45,106,5,1,125
177.47,93.07,158.92,292,4,0,104
128.55,60.64,134.23,243,0,0,119
498.4,338.89,560.81,476,4,0,51
507.57,323.19,534.95,249,3,0,48
523.63,296.01,572.48,343,4,0,57
321.37,154.38,283.67,418,4,0,88
483.87,225.91,447.69,427,0,0,51
615.84,317.51,688.73,353,6,1,56
351.95,273.55,374.66,495,5,1,101
924.3,494.5,963.0,453,1,0,0
179.38,111.4,188.2,63,2,0,111
606.16,362.82,590.55,96,3,0,21
289.73,231.94,250.14,270,3,0,59
337.6,242.69,366.4,245,3,0,77
742.3,372.92,782.1,132,2,0,32
598.07,361.6,593.19,429,1,0,44
744.92,496.07,834.26,63,5,1,41
170.72,107.78,162.33,225,4,0,98
198.97,96.85,186.69,429,5,1,111
732.73,375.95,814.68,206,3,0,7
456.82,310.27,497.52,48,4,0,34
228.42,173.37,229.44,463,0,0,97
124.49,85.74,110.7,374,5,1,136
187.78,88.55,171.73,237,0,0,98
805.97,452.39,843.74,246,0,0,14
236.34,136.34,228.19,141,6,1,117
351.23,195.52,386.68,339,5,1,96
238.03,152.0,270.16,330,3,0,93
420.99,209.75,459.59,478,2,0,62
140.0,81.24,134.86,177,3,0,122
373.4,283.58,405.74,496,0,0,82
106.89,80.43,102.13,46,0,0,95
712.39,410.16,641.24,76,3,0,0
331.53,155.17,285.12,120,2,0,81
441.96,293.01,426.8,424,2,0,50
923.09,446.04,1034.85,228,6,1,31
673.48,342.89,620.74,218,4,0,0
419.62,289.83,382.67,390,1,0,75
242.26,195.95,276.41,96,0,0,94
260.18,199.85,223.1,470,2,0,88
677.42,351.27,735.5,312,5,1,44
696.14,497.36,658.84,420,6,1,54
546.53,347.83,470.7,188,0,0,41
512.22,301.0,576.42,413,1,0,49
729.35,378.79,650.5,22,5,1,1
340.58,259.34,345.87,456,0,0,80
123.79,77.06,115.4,309,6,1,122
510.63,303.03,444.03,417,6,1,45
837.22,480.93,724.17,134,2,0,0
260.14,128.89,230.14,384,4,0,80
494.49,360.5,430.91,242,3,0,44
281.94,140.42,303.98,260,6,1,107
551.06,291.12,548.67,396,5,1,75
164.18,93.5,156.44,135,3,0,106
479.95,252.67,468.19,244,2,0,44
629.13,390.27,710.09,147,2,0,40
276.25,206.41,310.3,458,5,1,107
651.54,349.21,693.7,58,1,0,14
703.58,407.95,784.78,389,6,1,49
859.41,467.23,812.91,195,5,1,24
239.3,155.59,230.76,214,0,0,88
483.93,229.69,500.44,87,1,0,35
211.96,118.59,219.82,490,3,0,99
638.35,496.62,634.85,395,0,0,20
770.71,467.15,747.74,203,1,0,15
573.17,292.98,656.77,112,3,0,50
855.31,428.91,937.71,114,0,0,1
482.0,284.43,472.59,385,4,0,51
692.55,330.61,739.78,296,6,1,40
132.25,90.11,123.1,333,5,1,121
627.93,389.87,552.61,491,5,1,35
225.54,107.47,215.55,220,5,1,91
884.06,421.73,858.32,259,4,0,1
757.89,401.91,647.97,302,6,1,13
759.63,368.94,831.37,210,1,0,19
85.41,66.27,81.8,33,6,1,125
384.93,186.41,394.22,470,2,0,76
256.07,168.4,223.34,309,0,0,73
292.29,212.06,263.79,487,1,0,66
128.74,89.44,143.79,92,2,0,98
763.08,471.63,787.97,306,5,1,33
434.21,299.21,492.87,467,5,1,78
285.09,187.49,327.74,188,5,1,97
305.23,228.64,293.5,307,2,0,100
375.9,251.24,353.21,373,0,0,50
567.6,320.27,628.63,215,0,0,38
463.09,282.06,532.37,49,2,0,77
717.25,463.73,745.15,313,3,0,21
532.61,273.63,579.77,122,5,1,55
1039.37,496.47,1127.22,349,1,0,0
847.57,433.14,810.78,13,0,0,0
220.35,143.83,225.26,495,6,1,109
911.49,468.77,1002.57,117,2,0,0
138.4,102.36,146.21,325,3,0,100
555.88,417.85,476.02,123,4,0,21
342.02,221.28,325.26,176,2,0,69
893.61,445.09,798.3,270,6,1,0
637.3,440.63,586.25,115,3,0,22
521.3,412.67,584.72,233,4,0,56
540.03,405.51,465.0,271,3,0,45
385.2,187.11,352.82,260,0,0,75
158.46,86.41,149.41,23,2,0,92
336.19,231.34,347.97,207,6,1,95
224.83,128.09,227.13,135,4,0,94
626.64,362.73,573.68,215,3,0,28
381.75,205.74,343.29,149,4,0,57
700.86,489.02,645.52,71,1,0,0
698.67,338.44,699.2,292,6,1,41
634.11,420.12,590.58,63,2,0,5
207.67,109.64,235.55,355,0,0,96
532.55,437.91,526.78,21,4,0,14
731.66,465.24,634.82,145,5,1,5
417.69,269.18,446.41,339,3,0,58
562.82,322.81,533.92,153,5,1,62
501.67,394.16,524.77,445,4,0,63
256.08,128.68,239.15,291,6,1,95
391.53,276.15,399.84,145,5,1,87
430.59,229.4,465.75,498,3,0,78
232.11,115.87,261.91,310,4,0,93
379.49,215.39,352.3,230,0,0,51
156.59,80.68,148.83,349,0,0,101
114.72,61.62,113.49,218,2,0,106
172.39,110.82,194.48,412,0,0,92
971.09,483.4,1088.02,410,4,0,0
444.36,297.29,389.69,368,6,1,73
858.37,484.62,763.58,389,4,0,0
475.89,244.62,475.25,458,0,0,61
300.5,190.32,265.04,132,1,0,81
417.41,277.76,398.08,125,4,0,56
411.15,247.78,367.78,166,2,0,59
196.85,97.55,204.88,279,1,0,93
720.71,338.37,817.89,26,0,0,16
256.91,147.22,295.19,278,6,1,119
612.08,328.81,589.17,358,3,0,13
720.56,342.59,741.96,491,4,0,33
153.76,118.41,170.2,228,3,0,97
111.14,77.61,98.39,328,5,1,116
766.12,401.34,809.69,247,2,0,17
519.92,256.91,505.7,42,1,0,27
156.69,76.17,142.88,294,3,0,93
803.82,497.69,780.37,46,2,0,0
97.99,76.0,85.53,112,3,0,104
594.13,362.77,628.96,220,3,0,31
704.86,492.66,652.57,439,2,0,34
235.06,157.63,221.76,289,4,0,107
224.86,114.01,199.3,151,3,0,67
133.45,104.62,148.05,248,2,0,112
378.09,186.47,377.35,238,3,0,77
155.39,95.47,158.76,142,6,1,120
649.23,361.47,662.75,134,4,0,20
100.63,78.03,97.93,62,6,1,118
429.29,279.24,389.69,97,6,1,61
642.93,498.51,690.21,107,2,0,26
899.82,416.29,799.15,379,6,1,0
656.07,326.85,578.1,104,3,0,15
311.7,187.81,331.35,423,0,0,69
470.86,330.75,429.73,197,4,0,47
612.66,287.17,577.15,385,3,0,20
373.39,241.74,370.61,265,1,0,71
148.1,108.82,145.85,82,2,0,92
791.61,448.97,841.15,484,3,0,19
541.1,252.4,561.13,421,4,0,60
165.62,137.58,172.8,371,6,1,134
309.9,215.49,329.8,291,4,0,56
505.44,236.36,473.99,27,1,0,33
579.14,422.39,548.27,173,6,1,45
499.2,380.13,489.91,401,1,0,57
701.33,396.19,660.82,155,5,1,12
113.33,54.96,129.81,477,5,1,119
397.93,237.27,435.42,323,3,0,72
585.08,266.6,526.22,262,0,0,32
110.19,58.64,93.84,169,6,1,124
212.66,166.92,183.49,358,4,0,97
859.88,392.13,793.85,58,0,0,0
179.6,111.7,158.82,185,6,1,112
432.67,290.89,437.0,475,6,1,81
258.13,146.84,285.85,336,6,1,112
83.42,55.45,89.35,74,6,1,102
203.96,158.54,186.55,485,0,0,113
587.67,489.14,569.92,298,3,0,14
677.47,410.69,679.07,59,2,0,9
981.38,481.81,1072.71,13,2,0,0
477.7,269.53,526.3,128,2,0,62
218.56,99.38,245.42,349,1,0,67
440.97,296.58,442.19,382,6,1,76
376.73,254.47,398.69,173,6,1,92
584.64,429.96,516.55,232,4,0,40
128.41,94.14,130.92,367,1,0,101
400.57,269.71,370.37,165,4,0,57
234.2,117.52,229.4,396,5,1,101
412.95,196.1,429.55,271,4,0,61
830.47,381.81,769.93,182,4,0,0
378.42,264.21,327.58,32,3,0,50
456.12,219.15,389.1,400,2,0,57
347.7,227.51,297.86,385,6,1,87
337.07,256.75,287.36,70,1,0,71
834.75,403.26,737.18,365,5,1,9
828.89,451.44,764.11,330,1,0,3
654.94,479.9,600.16,143,6,1,43
658.63,404.11,754.81,33,3,0,14
285.45,191.93,268.84,302,4,0,73
696.59,359.66,618.73,54,5,1,21
408.26,246.92,413.84,188,2,0,63
360.36,164.6,399.06,365,6,1,85
537.52,428.39,566.24,481,0,0,61
104.64,67.29,98.24,367,0,0,131
766.6,455.79,780.77,438,3,0,17
438.84,257.66,467.12,72,2,0,59
510.48,336.74,545.41,38,0,0,56
668.89,346.71,702.3,366,0,0,12
939.45,452.8,1043.96,374,6,1,12
719.68,336.5,799.59,105,5,1,47
654.2,326.27,669.69,418,5,1,40
164.03,79.99,160.58,275,6,1,103
495.9,283.28,516.96,300,1,0,52
238.2,117.58,260.93,64,6,1,102
574.11,381.85,488.96,162,2,0,20
448.37,280.5,514.55,228,0,0,85
540.18,356.1,488.79,182,5,1,48
114.64,68.75,113.61,105,6,1,108
130.96,88.16,145.58,132,5,1,119
804.87,372.35,738.47,21,5,1,17
124.72,82.44,123.85,13,1,0,102
106.52,82.07,94.78,371,2,0,115
95.75,55.45,92.74,355,4,0,104
603.94,480.43,545.45,76,5,1,55
500.47,381.88,479.99,154,2,0,52
296.6,208.96,285.34,466,3,0,94
305.31,183.44,350.48,486,1,0,92
338.68,207.37,388.96,74,4,0,84
797.07,398.59,704.95,91,5,1,0
674.19,347.62,719.9,114,6,1,36
216.85,133.34,187.69,190,5,1,117
196.85,128.35,169.11,349,1,0,110
142.97,94.28,126.04,450,1,0,94
685.25,347.14,780.94,114,0,0,32
493.28,393.97,558.52,235,5,1,68
205.3,169.27,186.44,380,2,0,88
118.59,59.43,106.55,37,1,0,105
145.87,86.98,134.52,492,1,0,118
646.19,485.54,649.21,25,3,0,28
262.64,182.95,268.13,286,3,0,84
844.79,396.15,774.23,342,3,0,0
681.9,331.1,734.4,492,1,0,29
423.73,221.87,399.52,307,4,0,64
239.82,142.56,270.19,63,2,0,102
179.99,104.62,188.45,297,1,0,79
710.77,326.76,697.2,123,6,1,37
863.24,398.59,938.32,47,6,1,0
480.85,339.76,526.71,463,0,0,74
580.48,288.64,543.99,379,6,1,45
96.24,68.88,91.61,239,5,1,113
686.72,485.82,776.54,175,4,0,36
768.11,409.42,690.86,191,4,0,5
291.74,181.77,251.67,453,2,0,71
1046.56,490.99,1032.13,214,4,0,0
413.57,320.85,450.95,375,2,0,67
534.15,312.09,577.68,254,6,1,52
819.09,386.63,922.18,368,4,0,4
873.83,415.3,882.53,342,5,1,13
468.57,345.42,412.35,440,2,0,43
168.64,107.64,173.12,405,3,0,108
367.86,202.22,398.59,318,3,0,89
635.7,467.64,558.15,426,4,0,24
327.54,151.08,295.37,421,4,0,77
459.91,217.48,392.62,130,6,1,82
334.13,244.43,343.52,268,2,0,64
327.29,247.73,365.27,219,6,1,106
418.82,325.82,440.26,419,2,0,78
1000.69,474.38,1145.4,319,5,1,14
220.63,158.31,191.71,305,1,0,103
169.19,104.68,189.64,203,3,0,104
228.96,138.86,250.54,77,1,0,84
807.97,449.12,762.94,123,1,0,8
433.17,340.61,494.71,229,0,0,77
254.9,178.66,238.69,229,2,0,96
889.21,417.18,993.06,482,0,0,7
922.68,437.62,1028.07,227,0,0,0
853.8,430.93,919.8,246,1,0,5
565.21,463.52,575.98,440,0,0,55
249.68,163.51,221.22,395,5,1,113
712.48,389.77,719.32,307,2,0,16
379.48,257.24,363.18,427,1,0,73
904.8,428.9,984.12,103,2,0,0
692.88,377.82,746.54,262,5,1,52
508.0,399.4,570.58,414,4,0,51
728.18,345.27,622.19,366,0,0,15
280.17,129.84,306.15,437,1,0,78
377.26,295.26,426.88,224,3,0,83
854.23,493.1,928.37,490,2,0,12
709.32,471.82,630.63,389,6,1,21
110.59,69.43,96.7,267,5,1,129
171.31,124.17,146.68,356,0,0,93
194.3,109.28,201.81,249,2,0,104
812.89,376.69,844.51,324,5,1,20
711.89,418.0,815.88,223,2,0,11
187.41,146.08,181.68,107,4,0,84
505.29,277.63,479.81,25,6,1,53
659.7,428.32,684.33,413,5,1,60
780.76,379.76,857.03,163,2,0,23
480.61,294.01,543.58,25,6,1,86
439.66,315.66,479.64,207,4,0,79
387.79,278.76,379.26,117,4,0,58
362.05,183.9,376.7,32,4,0,66
445.92,304.26,493.58,51,0,0,55
708.2,360.0,706.21,46,5,1,23
622.8,443.0,569.87,337,2,0,10
511.79,336.33,461.08,399,2,0,46
653.71,392.5,555.69,174,6,1,18
261.54,122.03,278.66,125,6,1,100
549.35,257.7,485.26,159,5,1,71
76.25,54.2,70.39,15,4,0,103
250.88,161.01,235.67,41,2,0,84
508.6,376.91,517.81,154,2,0,57
848.69,496.31,822.71,303,4,0,0
157.14,94.63,165.38,410,3,0,108
484.59,230.67,419.99,302,3,0,43
873.37,410.03,774.84,416,4,0,0
224.58,141.82,224.52,186,6,1,95
507.16,299.79,482.36,454,0,0,59
796.32,379.88,747.54,186,6,1,0
656.58,327.19,571.3,70,6,1,39
162.03,134.61,181.26,86,2,0,85
319.1,209.92,337.46,425,6,1,107
653.1,402.71,578.96,392,2,0,19
428.06,299.4,372.2,95,3,0,40
73.27,52.35,83.71,200,6,1,135
485.76,392.45,512.17,16,4,0,59
121.46,65.89,118.45,415,5,1,120
563.92,385.58,598.04,94,5,1,63
176.73,141.12,190.32,271,6,1,92
688.49,481.13,746.32,454,0,0,18
431.56,215.57,428.7,407,6,1,91
404.39,197.12,395.88,409,4,0,64
196.92,117.0,168.03,268,3,0,74
303.05,187.52,341.83,402,3,0,79
968.04,444.49,998.04,56,6,1,0
697.97,498.35,635.81,350,2,0,14
305.35,215.74,343.79,103,1,0,76
375.76,251.87,422.54,487,0,0,80
514.69,374.93,590.22,435,0,0,58
708.8,448.79,788.34,435,1,0,44
668.86,316.87,768.74,233,5,1,54
410.61,226.19,379.16,288,5,1,81
379.9,235.68,418.91,12,5,1,94
774.85,363.03,849.94,138,3,0,10
64.23,51.45,59.05,332,4,0,104
463.72,328.82,407.86,258,0,0,62
370.79,209.97,424.12,238,1,0,76
739.64,407.39,694.38,336,2,0,13
113.85,91.85,126.52,140,6,1,116
504.46,314.69,429.42,237,2,0,35
492.68,266.44,421.89,186,6,1,66
643.53,339.05,636.95,332,3,0,39
145.55,79.18,134.14,320,0,0,111
472.88,310.99,499.82,397,4,0,68
391.51,302.67,399.21,40,0,0,69
491.87,302.3,429.52,75,6,1,58
427.29,321.57,384.04,215,5,1,69
761.14,354.41,735.58,110,2,0,18
690.58,412.25,625.45,329,0,0,13
260.09,171.42,282.89,40,2,0,88
828.35,421.27,807.49,382,1,0,0
465.6,274.22,408.81,200,1,0,42
127.86,84.68,127.26,75,2,0,100
153.61,76.35,134.75,424,4,0,96
414.27,200.41,368.16,312,4,0,67
755.2,403.2,696.21,244,0,0,0
459.45,368.46,509.01,287,2,0,63
715.14,404.88,806.24,211,3,0,27
555.16,282.77,609.5,359,4,0,31
331.57,248.09,315.07,234,6,1,84
166.23,116.35,154.88,92,4,0,98
411.68,197.69,417.75,55,5,1,79
299.31,245.31,319.23,98,1,0,77
175.49,89.87,201.47,195,4,0,107
249.85,149.28,222.24,384,6,1,101
525.65,319.2,454.58,198,4,0,38
459.96,381.05,486.78,255,6,1,76
1008.2,499.26,1108.68,55,5,1,4
732.96,469.9,809.12,266,6,1,31
590.39,339.15,622.0,361,4,0,37
449.73,239.56,510.98,418,5,1,75
639.82,336.28,641.93,70,2,0,22
870.03,403.54,978.04,114,2,0,17
178.76,103.25,203.85,346,1,0,108
375.07,234.46,414.13,23,0,0,57
921.59,427.91,869.0,310,5,1,0
410.28,222.72,372.89,86,4,0,60
460.45,307.34,467.09,239,0,0,47
417.17,314.5,411.29,176,2,0,53
271.69,133.01,302.48,75,4,0,97
332.75,213.01,292.83,41,0,0,61
373.08,200.53,345.97,105,5,1,88
103.24,61.79,111.04,67,5,1,134
85.18,60.89,74.83,113,0,0,101
764.39,424.26,723.29,321,6,1,14
217.95,172.88,210.57,143,5,1,102
456.79,283.14,473.59,226,3,0,47
322.12,184.43,289.09,76,2,0,71
774.35,473.31,858.12,475,1,0,20
324.81,166.68,319.7,187,1,0,78
493.49,243.35,555.22,383,3,0,74
872.73,442.73,864.31,256,0,0,2
531.29,428.87,495.43,303,5,1,63
186.46,133.75,166.42,244,3,0,75
714.07,411.19,607.77,140,3,0,9
546.91,256.18,552.18,121,5,1,73
544.02,267.34,479.9,398,2,0,10
224.81,110.07,217.51,417,5,1,116
129.68,86.27,133.16,63,5,1,116
615.24,377.57,573.83,299,6,1,36
456.78,273.41,412.28,248,4,0,60
334.7,246.58,362.29,249,0,0,95
465.69,378.28,528.11,304,1,0,70
846.91,394.48,745.39,121,1,0,0
175.06,121.51,156.97,97,3,0,84
467.41,324.6,531.91,237,6,1,78
142.34,110.91,122.6,485,3,0,115
826.11,388.12,944.49,313,3,0,10
615.13,345.63,523.72,314,0,0,22
897.07,480.48,997.63,299,3,0,30
171.1,81.03,161.21,217,3,0,108
116.96,75.67,132.35,365,4,0,123
322.38,176.98,304.67,400,0,0,63
207.83,167.77,217.45,283,2,0,88
223.47,161.14,195.31,79,6,1,101
929.93,457.81,858.05,379,2,0,0
319.2,162.3,345.41,229,5,1,110
267.3,172.38,269.6,240,4,0,99
617.68,391.73,696.99,299,1,0,36
437.52,252.38,428.17,316,5,1,93
479.52,399.52,532.72,370,2,0,61
114.46,79.41,112.7,358,0,0,136
379.39,269.41,433.93,264,1,0,75
94.46,65.13,107.5,461,3,0,122
156.85,78.19,148.81,151,0,0,113
677.54,457.9,755.98,78,1,0,41
156.77,112.66,173.12,98,2,0,105
493.54,289.59,450.7,368,5,1,63
485.41,234.99,503.51,145,3,0,57
297.36,206.3,259.24,152,3,0,66
581.64,454.93,640.39,348,6,1,62
93.1,59.82,84.01,196,0,0,98
679.16,348.71,591.71,20,5,1,7
846.51,483.53,821.17,157,3,0,0
609.22,302.08,623.28,448,1,0,52
1018.4,471.57,1126.83,301,6,1,8
146.49,73.52,167.33,347,6,1,121
430.13,238.46,422.32,407,4,0,80
282.91,167.07,245.6,451,2,0,77
469.82,378.87,504.94,47,0,0,35
1073.78,491.58,1094.77,354,5,1,0
261.97,165.44,257.87,217,4,0,73
465.68,344.38,439.03,219,4,0,60
259.74,139.14,259.93,10,0,0,75
451.82,304.4,429.95,369,1,0,62
462.11,258.77,497.74,74,5,1,87
870.87,487.4,882.34,10,2,0,0
532.95,323.84,593.2,252,0,0,56
422.04,207.28,427.56,478,5,1,87
148.46,101.34,136.81,390,4,0,96
194.64,118.06,215.14,325,4,0,113
263.07,151.39,267.59,34,0,0,79
303.65,162.93,276.94,356,5,1,90
858.62,432.78,890.43,403,4,0,24
482.51,302.55,461.91,59,0,0,52
527.09,285.53,581.55,405,6,1,79
137.28,101.65,135.36,357,0,0,120
932.1,437.06,995.42,250,2,0,0
594.07,375.27,521.99,41,0,0,37
155.23,80.45,150.39,42,6,1,107
449.73,368.53,514.93,209,5,1,73
413.96,294.59,452.26,243,5,1,79
146.4,86.78,131.46,35,4,0,91
532.52,256.24,497.02,51,3,0,46
463.1,268.11,439.46,443,2,0,60
265.38,124.6,277.35,70,5,1,93
800.75,475.56,862.49,50,4,0,14
731.1,432.49,785.83,450,4,0,22
463.31,351.06,464.68,139,2,0,50
516.75,258.03,564.94,364,2,0,55
340.46,235.29,334.04,363,4,0,80
720.04,342.94,638.79,207,6,1,27
623.63,295.44,635.69,296,3,0,30
167.23,78.02,189.92,160,6,1,124
482.74,280.63,525.17,213,1,0,54
775.02,412.88,793.32,191,6,1,18
507.8,256.66,530.17,380,4,0,39
97.67,73.38,110.29,421,2,0,125
727.27,403.83,711.64,216,0,0,14
173.56,140.61,164.78,156,0,0,98
282.44,166.38,322.88,213,2,0,96
168.16,124.12,186.5,57,6,1,108
274.64,198.6,260.06,267,2,0,69
611.21,390.54,604.57,148,1,0,31
463.16,283.72,451.36,181,5,1,71
259.25,142.2,231.96,110,2,0,78
567.15,445.02,645.05,196,0,0,61
759.53,445.81,737.72,393,3,0,0
610.79,441.76,679.56,324,2,0,53
279.33,157.46,253.3,385,1,0,91
464.97,253.06,471.65,303,3,0,62
866.49,493.25,742.74,418,1,0,0
770.29,397.41,831.35,372,3,0,31
95.55,62.23,97.87,30,2,0,96
155.92,79.34,161.79,307,0,0,98
422.51,258.77,365.69,429,3,0,58
773.29,459.15,706.26,402,4,0,9
540.41,292.42,471.4,405,5,1,62
333.85,274.02,312.71,19,1,0,77
180.7,97.46,187.6,196,3,0,106
628.41,345.55,640.89,142,1,0,32
634.05,419.95,655.39,42,0,0,32
284.4,221.19,288.61,78,1,0,68
515.12,399.03,480.04,89,1,0,33
1027.67,484.01,948.9,200,4,0,0
267.7,141.69,238.55,110,1,0,88
378.89,285.5,418.56,494,3,0,84
278.98,179.21,288.73,294,1,0,80
729.15,406.78,660.58,411,2,0,21
630.86,309.92,569.77,230,1,0,12
417.33,335.56,464.03,399,2,0,81
587.67,409.06,630.46,62,5,1,50
476.85,228.19,499.66,475,1,0,77
558.38,461.79,542.78,169,6,1,38
406.21,289.86,377.21,389,5,1,97
261.41,121.08,299.01,51,6,1,97
658.55,363.15,717.27,56,1,0,24
594.85,406.97,559.48,168,3,0,33
243.95,192.54,269.39,455,6,1,103
535.16,435.73,576.73,193,2,0,47
661.35,457.76,621.09,255,5,1,29
363.44,174.61,355.43,20,5,1,73
795.97,492.58,720.98,163,2,0,1
217.61,113.32,192.22,229,4,0,80
298.48,140.91,318.43,164,1,0,73
213.71,132.9,198.8,348,1,0,80
629.27,452.3,689.69,450,3,0,36
591.43,344.43,679.37,374,4,0,61
249.7,118.45,217.98,292,4,0,77
497.38,248.15,493.35,196,6,1,57
413.78,326.88,451.28,71,3,0,65
165.71,87.56,180.08,157,5,1,111
792.19,447.09,853.98,396,2,0,38
867.48,411.62,828.18,153,5,1,2
366.78,277.34,361.7,112,0,0,70
841.37,485.21,865.34,309,3,0,12
494.9,237.99,565.26,102,2,0,64
793.5,492.85,752.45,472,5,1,24
589.65,350.56,664.5,295,5,1,58
426.37,335.6,396.87,433,4,0,82
184.29,124.68,211.33,128,3,0,97
681.25,446.87,716.05,458,0,0,26
519.91,242.37,514.22,38,1,0,36
182.38,123.01,188.58,39,3,0,77
92.47,55.67,86.16,369,0,0,121
564.93,301.89,526.66,375,0,0,15
391.4,287.33,346.02,297,3,0,63
630.24,373.71,557.27,147,2,0,19
873.54,450.62,833.62,484,3,0,17
177.2,85.73,191.17,60,5,1,93
692.47,379.17,714.9,401,6,1,32
251.08,134.34,221.15,444,4,0,87
578.5,436.18,639.63,301,5,1,58
898.18,418.58,925.49,243,0,0,0
390.92,293.36,444.97,64,0,0,67
729.86,369.61,767.12,428,1,0,10
280.45,191.46,253.12,301,0,0,85
559.06,262.03,554.66,249,6,1,32
805.88,419.74,841.78,321,1,0,9
501.48,256.67,430.51,45,0,0,33
299.43,211.01,255.86,98,0,0,83
447.56,272.4,397.8,221,3,0,70
768.41,422.71,711.16,454,3,0,5
395.66,200.84,387.29,327,4,0,80
167.16,128.19,166.53,374,5,1,114
800.95,370.41,713.98,254,2,0,0
881.43,421.69,927.28,474,4,0,19
140.1,95.29,144.15,96,0,0,107
319.48,157.94,299.78,418,4,0,79
195.7,113.89,167.14,249,3,0,100
343.29,206.57,299.79,329,5,1,88
382.63,252.66,370.2,197,0,0,65
689.18,386.97,617.64,66,0,0,0
661.98,343.02,637.52,122,4,0,18
530.67,329.42,551.08,232,5,1,68
381.52,208.57,386.92,79,6,1,79
814.14,428.65,748.48,236,1,0,5
500.87,262.08,477.4,265,6,1,67
614.21,490.6,635.22,189,2,0,25
690.77,335.36,765.55,193,5,1,30
177.13,106.82,190.59,200,4,0,97
518.1,354.28,526.4,461,6,1,62
283.01,196.3,271.32,241,4,0,85
603.94,358.85,579.49,285,2,0,25
169.74,81.34,189.06,242,0,0,95
203.13,128.7,175.05,63,0,0,99
848.29,435.08,972.48,266,1,0,12
197.42,152.23,207.15,99,4,0,86
715.12,426.67,753.98,235,2,0,21
385.02,175.67,331.66,256,4,0,76
668.56,339.3,689.73,403,3,0,33
511.13,362.37,508.8,160,4,0,52
477.59,280.69,421.1,444,4,0,44
268.65,187.39,250.75,122,3,0,91
234.5,145.69,261.96,417,3,0,119
128.58,64.94,130.51,278,6,1,114
368.18,186.78,358.61,166,2,0,55
491.16,343.92,428.19,451,6,1,66
1002.19,472.24,1066.57,375,0,0,0
792.39,442.04,840.61,356,1,0,12
623.64,394.73,644.98,360,6,1,40
688.95,404.8,691.07,308,3,0,22
630.41,349.24,617.89,403,0,0,38
294.13,167.13,302.36,168,2,0,76
772.77,458.24,710.97,496,5,1,29
599.85,351.83,679.25,339,4,0,56
415.95,302.2,427.03,481,2,0,71
201.16,99.95,189.77,234,2,0,93
437.49,251.17,430.88,23,3,0,62
342.3,257.16,373.69,364,1,0,71
863.25,439.05,775.62,118,6,1,0
631.19,295.99,591.96,427,3,0,27
474.94,221.18,500.52,410,4,0,55
768.13,489.56,725.61,414,3,0,1
133.32,99.82,145.02,105,4,0,122
412.67,240.15,366.92,204,3,0,79
90.45,68.91,97.58,67,5,1,120
817.23,382.96,711.4,472,1,0,0
640.78,463.13,547.09,401,5,1,36
255.71,176.02,286.26,361,0,0,103
700.9,436.25,718.0,303,1,0,36
287.34,181.5,274.57,163,6,1,76
917.24,459.85,843.66,73,3,0,0
644.78,389.28,667.39,167,2,0,16
565.04,412.21,566.57,274,0,0,58
85.25,58.1,97.82,130,2,0,115
825.95,483.26,945.69,297,5,1,21
507.99,377.0,528.57,20,6,1,59
339.03,187.14,333.22,223,1,0,70
747.31,423.23,745.33,171,6,1,31
338.3,176.68,356.82,114,0,0,84
946.45,442.74,833.32,411,5,1,0
212.62,100.66,201.67,156,3,0,109
786.88,366.66,686.61,191,2,0,12
423.76,293.31,369.52,347,3,0,49
124.42,93.44,113.07,46,4,0,102
238.64,158.85,237.58,91,6,1,118
116.45,55.58,126.4,21,0,0,116
566.79,260.95,564.32,13,2,0,32
382.15,185.57,363.29,52,1,0,70
418.24,319.26,365.83,420,1,0,90
394.6,183.76,400.56,60,1,0,64
300.26,184.96,279.66,270,5,1,87
464.9,384.44,480.93,143,1,0,56
117.7,71.66,134.55,470,2,0,116
568.58,456.3,502.28,96,6,1,40
756.0,433.52,690.71,371,6,1,27
539.28,350.51,534.93,65,6,1,42
530.39,316.95,604.96,226,5,1,61
818.71,451.54,885.47,375,4,0,19
275.98,133.4,308.95,77,1,0,66
159.26,85.54,151.32,361,6,1,127
257.82,157.78,295.88,53,1,0,66
823.04,407.56,724.97,152,5,1,0
138.13,65.6,119.61,355,1,0,100
412.11,312.26,456.08,51,4,0,66
862.41,497.95,972.95,148,5,1,33
645.86,435.06,566.53,82,5,1,32
354.98,284.65,313.81,276,0,0,66
146.94,78.64,126.36,203,5,1,121
874.86,424.12,771.06,164,1,0,0
435.5,319.54,397.54,255,5,1,72
204.7,101.72,233.57,323,1,0,87
189.4,92.24,198.93,227,1,0,98
971.18,459.33,1052.34,465,6,1,5
514.52,351.14,557.14,393,5,1,62
890.35,423.18,899.72,262,0,0,0
677.52,445.54,737.98,286,1,0,32
538.49,307.3,553.97,286,6,1,73
353.71,282.85,334.03,81,0,0,51
303.12,243.69,308.68,138,0,0,77
369.91,192.63,373.63,367,5,1,80
403.83,245.57,443.02,195,3,0,76
579.96,398.25,663.78,22,6,1,64
446.14,320.87,434.23,338,3,0,64
844.54,451.64,911.27,229,1,0,0
299.53,249.52,263.56,15,2,0,81
648.28,323.19,702.12,248,3,0,18
427.38,334.09,410.9,480,6,1,61
440.08,316.26,379.27,121,5,1,53
580.86,366.19,557.03,237,6,1,50
264.26,156.85,273.03,451,5,1,112
436.28,280.56,386.44,26,3,0,20
147.36,96.9,166.1,82,2,0,115
482.62,223.03,421.47,21,4,0,43
496.21,269.45,560.23,95,1,0,38
420.25,343.5,446.37,189,6,1,79
778.8,477.74,739.01,131,4,0,13
664.61,320.29,642.83,213,4,0,28
577.49,384.62,619.21,79,0,0,50
359.65,277.82,370.6,117,0,0,56
656.74,335.35,690.56,210,1,0,25
147.95,81.92,143.03,61,2,0,89
291.17,164.48,290.11,46,0,0,94
266.8,212.83,306.01,126,6,1,108
352.04,262.62,321.83,268,6,1,113
128.57,70.54,125.4,491,3,0,106
159.1,113.01,149.16,273,6,1,108
297.47,174.57,321.13,403,1,0,84
850.09,487.19,917.42,312,5,1,34
295.38,199.11,276.98,434,4,0,79
573.45,266.92,501.44,73,6,1,44
282.36,138.24,240.97,51,1,0,75
624.49,324.85,610.89,52,5,1,41
225.32,176.31,219.26,134,5,1,97
186.97,143.15,214.36,402,0,0,101
478.14,282.46,473.81,279,5,1,67
71.41,52.48,66.19,494,2,0,119
116.43,53.45,130.09,356,5,1,135
201.85,148.58,201.31,242,5,1,127
112.26,66.52,115.6,489,4,0,105
154.24,98.61,135.53,141,2,0,94
372.45,202.49,359.37,11,1,0,55
546.45,411.16,619.28,124,2,0,50
501.19,307.42,514.65,490,2,0,51
413.95,280.7,394.64,478,1,0,68
380.12,182.07,394.45,10,4,0,76
582.19,469.29,653.88,340,6,1,36
483.32,228.66,450.55,74,5,1,66
181.33,89.19,181.6,439,2,0,97
490.72,327.68,558.25,452,2,0,67
201.37,101.23,181.58,468,6,1,103
252.83,205.35,269.49,134,1,0,98
603.12,278.34,623.83,265,3,0,46
765.57,443.4,806.84,400,6,1,38
409.04,272.1,390.78,331,2,0,71
571.93,366.02,540.0,152,0,0,27
629.11,496.77,663.88,337,5,1,45
239.01,109.17,218.61,255,5,1,110
215.18,173.63,209.99,125,6,1,97
422.1,227.56,382.61,386,4,0,75
393.97,239.82,335.85,312,6,1,73
504.91,234.96,576.11,99,2,0,58
662.88,458.42,649.3,305,1,0,46
643.15,371.31,733.71,51,0,0,27
544.34,323.56,485.6,444,6,1,57
360.06,189.22,369.49,44,1,0,78
533.46,420.71,485.6,498,6,1,70
668.71,479.78,726.9,50,2,0,23
593.47,419.54,643.98,350,0,0,38
98.27,50.7,86.85,133,4,0,104
467.28,336.38,525.04,66,4,0,71
129.48,73.01,117.62,303,6,1,118
234.82,165.92,242.78,465,4,0,96
158.3,76.79,181.37,244,3,0,99
689.16,321.71,768.22,105,1,0,34
616.88,358.97,701.37,401,2,0,45
157.59,101.52,150.15,467,0,0,95
319.4,222.73,281.61,328,6,1,80
319.08,255.31,289.24,352,6,1,71
317.3,216.07,317.35,141,5,1,82
193.7,104.46,210.73,185,5,1,119
413.51,238.53,370.11,61,1,0,68
831.95,388.03,871.82,47,2,0,7
130.82,81.95,123.9,487,3,0,115
163.03,86.08,155.26,498,2,0,103
354.16,209.65,371.37,352,1,0,83
811.38,473.78,803.35,14,2,0,1
514.98,350.86,563.19,222,5,1,85
588.17,355.4,527.46,129,5,1,42
355.65,212.86,386.59,335,0,0,90
604.69,317.15,525.64,378,3,0,38
116.79,54.56,106.07,218,5,1,128
514.22,336.24,538.31,226,0,0,30
572.63,460.98,633.6,33,3,0,50
552.41,325.66,511.43,351,5,1,54
773.08,443.16,733.0,214,3,0,0
514.24,375.79,519.97,410,2,0,37
204.38,104.25,186.7,471,0,0,97
996.55,456.1,1089.58,235,3,0,0
171.45,79.9,185.52,227,6,1,102
405.56,290.29,362.4,220,3,0,45
236.51,113.96,233.95,35,2,0,90
105.26,55.27,113.94,261,5,1,134
396.78,239.92,377.42,12,5,1,76
318.13,182.77,330.83,11,6,1,100
550.73,268.7,476.41,101,1,0,31
520.4,309.74,537.37,11,1,0,43
109.63,69.68,98.2,159,5,1,111
178.39,105.35,196.08,80,6,1,96
536.21,301.39,512.96,13,4,0,56
283.96,204.43,265.35,47,4,0,88
794.41,378.13,875.65,368,6,1,17
643.84,343.53,556.95,477,3,0,26
789.26,430.52,764.78,79,5,1,15
469.93,361.62,451.6,210,1,0,49
439.26,243.47,410.9,317,3,0,54
466.08,352.83,523.65,261,0,0,65
222.39,173.92,239.13,296,6,1,117
324.46,187.84,282.01,419,6,1,94
649.2,405.04,691.01,301,1,0,32
448.79,250.89,452.47,163,1,0,55
527.64,409.27,591.1,421,1,0,65
685.16,420.09,646.71,142,6,1,36
599.27,435.9,612.61,380,4,0,40
1011.5,462.49,1011.73,83,2,0,0
429.62,243.94,428.28,283,2,0,65
365.2,193.49,360.39,280,6,1,81
475.91,311.99,433.89,194,4,0,57
280.99,217.03,302.55,362,5,1,91
697.33,320.48,687.15,14,5,1,26
546.22,367.51,621.36,302,6,1,73
584.22,359.78,542.3,369,6,1,39
404.29,218.55,426.45,95,4,0,48
153.19,125.09,173.45,223,4,0,104
489.98,243.74,514.0,415,5,1,55
198.26,114.17,220.34,445,2,0,88
666.0,450.54,731.43,24,3,0,35
259.44,205.64,248.56,282,4,0,84
162.83,119.51,167.72,60,3,0,110
128.74,61.45,115.47,262,3,0,93
642.42,340.62,649.26,54,0,0,24
488.05,336.61,448.58,200,2,0,51
257.26,203.27,276.07,131,6,1,89
155.54,82.27,156.85,421,3,0,116
415.33,234.33,404.27,196,6,1,81
304.94,190.05,283.78,223,6,1,76
554.62,354.7,637.6,158,2,0,48
457.07,322.6,398.34,179,2,0,53
400.22,214.07,345.42,218,0,0,53
321.37,148.05,294.11,462,6,1,79
680.45,494.62,776.61,91,5,1,47
457.01,254.3,522.71,410,2,0,88
584.26,359.72,611.41,205,3,0,35
186.49,113.25,207.75,255,5,1,130
390.46,268.52,356.95,400,5,1,74
126.35,62.39,144.24,354,1,0,112
467.58,277.45,417.47,366,3,0,60
843.47,483.81,742.54,49,3,0,0
335.4,222.89,296.38,177,2,0,66
93.34,67.55,95.39,52,3,0,115
82.21,63.93,89.14,338,6,1,149
429.9,224.59,412.7,220,1,0,61
170.36,122.01,194.78,188,2,0,95
114.37,60.51,112.12,466,4,0,110
620.72,390.3,555.63,32,3,0,46
414.18,256.34,409.95,104,3,0,61
300.72,180.16,316.87,169,0,0,74
713.37,455.04,784.47,253,4,0,14
133.0,102.26,131.36,424,4,0,90
724.87,480.16,745.23,26,6,1,32
356.5,191.29,331.62,121,1,0,73
839.2,449.78,875.93,112,6,1,11
477.56,321.32,547.18,323,4,0,62
700.59,422.02,605.81,95,6,1,11
686.7,492.81,766.33,44,6,1,42
253.56,179.78,258.3,39,0,0,88
590.13,482.51,546.25,201,1,0,26
472.33,225.27,536.78,446,6,1,96
315.27,223.48,313.69,188,6,1,83
290.04,203.17,275.39,113,4,0,80
434.46,293.63,392.95,174,1,0,63
158.45,119.37,146.3,483,4,0,104
550.25,299.17,605.2,131,4,0,44
374.6,293.77,387.45,143,6,1,69
524.15,392.86,589.13,299,5,1,82
784.28,425.14,721.22,321,4,0,1
382.14,248.2,338.71,233,6,1,83
354.97,186.05,302.38,34,3,0,69
292.96,166.7,293.65,380,4,0,77
200.32,137.58,230.27,22,3,0,91
140.55,75.94,148.78,328,2,0,120
268.65,204.1,253.21,239,5,1,87
297.99,171.61,331.68,111,0,0,102
793.83,484.89,860.93,459,1,0,9
441.78,300.97,377.56,387,1,0,43
372.12,206.27,407.49,385,2,0,77
644.62,311.21,606.05,398,4,0,49
247.68,112.64,221.65,212,0,0,65
451.61,249.82,414.54,276,2,0,53
532.45,331.81,527.43,481,2,0,54
384.81,270.0,376.14,471,1,0,71
336.3,230.8,315.0,374,3,0,79
835.08,497.23,752.96,231,3,0,0
699.23,446.14,754.24,113,4,0,17
698.68,330.53,801.41,120,4,0,26
480.24,306.22,520.27,437,6,1,64
518.13,329.3,486.41,492,6,1,64
222.63,140.59,205.59,478,2,0,91
463.97,227.81,424.67,78,4,0,43
125.4,67.76,111.74,367,3,0,110
478.93,264.0,486.31,267,0,0,36
451.59,294.36,465.87,177,1,0,55
307.7,152.49,326.68,302,3,0,105
599.14,483.81,631.53,383,6,1,45
951.02,459.25,891.77,58,5,1,0
642.22,374.96,609.53,259,4,0,26
463.53,290.02,488.77,491,1,0,57
749.28,441.49,715.43,340,5,1,13
203.16,108.79,185.65,429,1,0,98
492.05,405.73,473.5,84,2,0,61
219.94,106.17,204.9,210,4,0,86
670.87,407.39,588.02,463,2,0,20
268.62,174.1,295.23,43,1,0,93
595.11,444.69,658.15,323,2,0,47
778.45,474.82,713.0,120,4,0,0
198.4,116.96,172.49,430,3,0,97
414.07,258.2,443.74,361,0,0,83
923.26,491.44,843.36,325,5,1,0
433.64,267.53,419.78,405,3,0,34
947.99,438.6,824.03,246,1,0,0
566.65,314.93,520.11,41,3,0,29
439.43,218.9,478.05,218,2,0,44
233.85,178.6,255.21,141,4,0,73
225.94,141.45,206.08,115,3,0,96
603.69,392.81,573.97,42,3,0,20
396.26,223.94,352.78,52,4,0,48
577.26,280.07,503.52,377,2,0,33
347.13,271.55,398.38,116,0,0,69
394.21,309.78,412.61,274,3,0,69
901.13,439.51,912.51,235,5,1,4
694.18,491.33,749.47,496,1,0,19
436.19,233.41,480.69,188,6,1,73
736.16,422.38,803.9,231,2,0,25
801.04,394.04,684.86,379,2,0,0
408.24,308.09,369.89,134,3,0,57
638.59,480.22,668.27,285,5,1,67
246.33,140.21,237.15,176,6,1,108
212.85,99.17,243.66,160,4,0,103
701.37,434.28,736.17,50,6,1,33
378.1,247.62,429.88,309,3,0,77
778.93,431.14,709.16,390,3,0,0
962.73,451.89,1067.85,44,4,0,0
159.1,78.11,150.57,416,1,0,102
982.61,447.56,1126.92,323,4,0,0
307.77,251.74,276.17,313,3,0,79
367.2,279.69,369.0,240,0,0,70
600.68,331.97,653.45,224,4,0,69
943.35,466.87,924.29,323,1,0,0
87.04,58.6,86.21,110,4,0,102
380.79,264.58,436.35,66,4,0,77
714.27,359.47,698.26,224,2,0,10
471.42,375.22,486.14,432,2,0,56
567.55,361.64,491.7,165,3,0,20
188.48,110.5,207.84,73,3,0,100
325.19,184.73,339.64,71,6,1,94
407.75,211.42,396.01,348,4,0,61
640.59,412.0,547.61,378,0,0,29
318.02,175.44,326.77,377,5,1,77
258.55,144.82,220.75,71,3,0,72
840.34,480.85,714.6,103,4,0,0
99.36,53.99,102.83,478,4,0,103
728.29,499.02,660.35,481,5,1,11
455.5,354.57,413.39,350,4,0,51
557.8,422.81,583.45,35,5,1,62
260.1,182.58,225.27,444,5,1,114
95.96,56.44,90.59,130,6,1,117
779.53,382.04,697.55,59,4,0,3
808.74,425.37,828.2,380,6,1,30
762.23,383.21,799.22,261,4,0,27
177.25,114.28,189.01,45,2,0,92
624.28,389.04,578.44,419,5,1,27
631.12,396.02,553.35,298,1,0,24
482.07,346.34,421.14,388,5,1,54
497.87,394.75,486.84,109,1,0,39
771.28,430.66,874.45,333,4,0,18
713.95,326.12,653.49,338,3,0,10
122.84,89.87,113.88,145,0,0,105
335.9,269.43,295.68,203,6,1,92
168.15,84.94,173.47,230,4,0,96
339.03,233.39,357.32,288,0,0,81
473.31,233.2,493.6,335,2,0,58
151.75,79.7,168.19,64,1,0,110
444.09,206.97,442.28,436,6,1,75
160.81,99.95,143.18,493,2,0,103
770.31,413.71,721.64,119,3,0,0
793.24,476.46,831.89,158,3,0,6
151.1,82.54,156.23,415,5,1,113
791.48,479.8,798.84,274,6,1,14
395.98,285.16,417.72,171,6,1,89
315.63,184.8,328.64,196,6,1,82
146.22,84.59,162.94,419,4,0,105
553.48,275.28,567.76,138,5,1,66
788.79,407.53,854.71,493,3,0,15
686.23,368.19,634.49,117,3,0,23
95.35,72.6,100.45,398,5,1,123
159.04,82.81,178.23,434,2,0,96
393.27,231.29,379.79,456,0,0,53
382.97,182.88,415.04,415,1,0,87
327.67,154.57,349.77,77,3,0,63
221.47,176.45,192.21,441,5,1,115
831.63,411.57,851.97,75,3,0,0
579.43,468.15,515.15,153,2,0,43
364.05,232.3,415.09,473,6,1,117
797.54,457.75,872.05,62,6,1,7
262.44,194.67,231.71,137,1,0,69
514.6,264.4,456.21,479,6,1,69
183.32,151.71,188.52,500,6,1,123
462.88,338.21,441.34,330,2,0,63
873.55,490.54,751.67,216,0,0,0
615.61,321.57,623.3,329,2,0,55
446.65,211.02,431.62,225,1,0,57
650.76,341.52,572.88,77,6,1,19
197.13,105.31,214.98,456,1,0,99
717.29,449.9,806.61,71,3,0,11
332.02,276.39,357.58,219,0,0,93
332.95,252.21,365.16,346,4,0,74
544.02,313.64,497.75,336,3,0,45
620.95,331.15,576.91,379,6,1,40
133.11,82.3,121.47,438,5,1,116
689.6,357.18,744.43,61,2,0,4
273.55,158.87,310.31,125,2,0,91
473.07,371.28,503.85,390,1,0,73
584.84,420.14,651.77,467,5,1,54
840.03,411.78,874.99,392,1,0,0
574.83,298.63,555.46,74,5,1,56
595.07,284.08,581.82,139,1,0,16
150.59,114.29,131.4,186,4,0,111
873.69,398.91,750.88,287,4,0,0
242.61,172.13,256.83,489,3,0,84
331.44,273.51,325.32,422,4,0,81
390.97,177.92,397.1,172,5,1,70
163.25,110.22,166.07,474,1,0,98
622.61,333.3,581.03,341,5,1,48
102.49,74.45,101.75,161,3,0,83
688.75,386.89,682.71,359,3,0,40
405.9,192.91,392.31,245,6,1,78
76.1,50.06,83.42,167,0,0,100
523.69,280.01,516.01,477,4,0,40
98.66,71.08,101.72,435,2,0,124
318.02,174.28,355.75,336,2,0,89
565.63,368.14,627.77,115,0,0,58
110.37,78.21,123.3,315,1,0,104
647.19,427.7,602.54,264,0,0,27
71.31,51.72,61.36,367,1,0,120
338.56,161.07,314.29,464,4,0,83
612.37,383.41,571.72,453,4,0,44
277.96,192.32,312.09,122,3,0,77
158.0,95.85,165.08,39,3,0,97
322.51,212.11,282.04,21,3,0,62
333.81,171.68,297.3,186,3,0,69
931.93,429.22,835.67,488,2,0,0
312.88,191.01,325.12,347,6,1,80
834.76,405.02,893.71,55,3,0,13
797.01,451.34,883.0,180,3,0,1
332.82,245.22,376.81,139,3,0,74
868.69,459.47,790.95,254,1,0,0
376.6,219.79,355.11,362,5,1,87
895.39,483.84,825.64,212,3,0,0
188.45,90.18,180.46,235,0,0,84
589.18,359.16,662.47,89,3,0,30
571.97,272.22,584.86,319,3,0,51
437.81,224.44,469.1,44,2,0,52
565.21,334.72,563.54,61,5,1,46
661.31,366.74,567.84,170,3,0,24
79.27,51.96,68.91,478,5,1,121
273.23,125.13,276.34,93,1,0,84
692.55,370.87,738.0,337,4,0,28
435.19,349.87,398.02,444,5,1,75
739.99,484.72,789.25,35,5,1,24
715.59,392.47,782.28,234,3,0,18
600.34,477.85,584.47,455,6,1,42
448.12,366.14,481.24,326,3,0,67
303.81,184.12,295.06,163,3,0,70
149.31,97.41,157.29,302,2,0,114
658.3,401.82,710.44,423,6,1,48
497.12,339.87,570.49,104,4,0,44
97.83,71.68,93.29,234,2,0,107
400.54,212.02,389.85,276,2,0,60
823.95,480.56,741.3,446,2,0,7
385.3,275.18,351.09,50,6,1,71
371.89,244.73,393.46,142,1,0,66
458.64,255.96,516.02,75,4,0,73
183.2,144.0,177.41,406,1,0,105
290.94,215.92,263.0,456,1,0,99
275.55,216.42,257.79,219,4,0,94
148.03,73.56,146.03,483,1,0,98
771.99,395.41,723.51,162,6,1,27
463.77,237.43,426.7,181,4,0,66
804.82,419.98,861.8,407,5,1,43
808.8,432.66,689.39,334,5,1,18
243.83,145.4,246.7,68,3,0,95
637.08,345.81,693.22,193,2,0,31
325.1,262.53,302.3,499,5,1,86
812.5,446.07,837.68,189,5,1,16
290.91,147.08,305.65,331,1,0,68
603.65,355.02,631.73,333,4,0,52
503.84,323.49,495.65,21,0,0,41
270.2,182.89,257.76,468,1,0,100
205.42,111.47,226.12,77,1,0,80
649.68,343.24,700.05,436,6,1,62
791.87,382.37,749.41,338,4,0,0
296.18,192.03,260.9,211,0,0,63
670.07,340.17,583.99,484,0,0,37
401.25,227.81,352.41,15,3,0,66
772.61,370.94,791.82,24,1,0,9
241.28,139.65,208.83,51,6,1,97
773.96,450.6,736.09,40,2,0,5
318.83,179.33,343.05,479,5,1,101
420.08,215.5,394.17,190,1,0,50
164.82,76.14,177.84,271,2,0,98
127.59,100.18,136.98,298,2,0,127
353.64,282.14,326.68,422,4,0,99
364.27,170.42,389.28,30,1,0,84
736.87,425.97,791.64,389,4,0,28
102.75,56.61,99.58,191,3,0,105
371.13,220.59,338.89,193,2,0,57
261.07,201.81,262.73,253,0,0,79
115.52,58.7,130.13,359,2,0,106
206.34,105.97,214.98,158,3,0,115
356.97,236.14,321.95,265,2,0,86
409.38,271.79,431.82,109,4,0,70
472.64,231.93,462.32,64,1,0,40
367.61,288.92,377.71,195,0,0,79
661.39,317.81,707.84,329,4,0,30
79.34,54.47,79.69,95,5,1,104
464.1,258.84,507.82,183,1,0,61
1032.91,483.57,1101.75,477,0,0,0
532.57,283.56,550.95,31,3,0,34
572.95,354.89,512.93,253,2,0,31
359.65,190.34,395.9,69,0,0,66
614.96,398.3,695.38,113,6,1,53
587.68,397.81,523.67,148,5,1,43
625.14,284.58,622.93,312,3,0,13
954.34,489.21,885.31,168,1,0,0
196.46,106.5,211.46,241,6,1,102
89.63,57.63,95.58,86,0,0,99
495.38,396.57,442.01,27,3,0,38
508.7,413.22,566.24,31,1,0,49
182.6,104.09,165.12,193,6,1,124
332.59,169.51,362.25,154,6,1,94
100.59,57.9,99.29,47,4,0,111
371.4,181.99,352.27,290,2,0,71
490.8,397.91,440.48,297,3,0,50
443.52,283.08,399.29,152,6,1,70
296.96,206.64,311.38,22,4,0,58
357.92,217.28,363.34,195,5,1,83
64.39,50.61,57.09,483,5,1,146
398.32,184.91,352.04,443,1,0,104
485.2,340.91,422.94,276,6,1,49
1036.51,488.39,1112.31,278,6,1,0
701.05,431.18,745.61,106,0,0,16
132.48,60.62,114.93,443,6,1,143
796.96,454.35,811.37,366,2,0,0
857.53,402.44,750.68,303,1,0,0
483.55,401.17,542.12,10,3,0,39
498.94,256.1,559.88,304,6,1,69
481.81,229.1,510.47,36,2,0,51
249.61,186.31,281.52,45,6,1,112
103.12,79.56,112.76,169,4,0,98
248.08,152.71,272.53,434,2,0,101
343.46,160.97,350.64,408,4,0,78
466.67,267.83,439.52,40,1,0,51
667.4,386.35,610.9,136,6,1,42
353.0,263.21,334.7,271,0,0,58
91.3,76.03,94.82,354,5,1,137
966.89,481.01,871.94,445,2,0,0
610.6,474.23,566.39,219,0,0,39
739.66,403.34,732.57,159,0,0,15
1049.06,496.1,965.04,40,5,1,0
415.58,295.02,426.63,109,2,0,55
901.39,483.25,1015.82,338,6,1,26
107.44,84.02,115.44,311,2,0,124
387.01,214.56,406.33,460,0,0,68
206.53,151.42,211.65,362,3,0,85
267.4,138.12,266.44,228,3,0,91
170.18,113.36,154.18,262,2,0,84
549.06,330.09,614.08,180,0,0,35
722.64,401.59,668.13,266,0,0,1
425.42,310.23,373.26,437,1,0,56
225.49,116.13,242.4,66,0,0,76
623.6,415.01,562.92,18,5,1,16
626.09,336.18,602.03,14,3,0,13
305.17,224.67,261.99,344,1,0,83
667.18,353.36,594.54,123,6,1,17
221.75,166.96,200.01,274,5,1,102
333.75,205.34,289.13,182,6,1,104
669.87,462.87,701.35,229,3,0,27
352.12,180.73,387.72,214,5,1,93
382.31,261.49,367.78,33,4,0,52
937.95,450.56,1043.35,467,2,0,21
770.78,368.47,704.5,179,4,0,0
108.91,77.99,103.21,415,2,0,109
210.93,116.29,188.83,112,3,0,102
68.93,53.53,71.42,69,3,0,109
531.44,333.91,518.66,95,4,0,41
481.11,251.45,497.46,264,5,1,67
205.32,110.42,221.44,174,6,1,107
877.81,481.07,889.84,381,2,0,1
427.49,288.35,443.85,176,2,0,67
250.67,158.85,283.4,93,1,0,81
358.66,275.27,337.04,467,0,0,66
682.84,355.83,653.99,211,5,1,28
143.65,84.31,153.03,99,5,1,102
331.39,173.62,342.46,98,1,0,57
598.61,413.13,540.88,446,3,0,36
391.55,256.85,377.0,129,4,0,72
454.07,295.96,449.68,165,5,1,78
300.02,244.77,292.77,470,2,0,60
107.5,69.75,97.12,408,1,0,109
249.59,124.59,281.37,197,4,0,79
525.36,250.49,566.7,197,6,1,66
247.65,144.13,246.27,271,4,0,84
120.01,72.49,126.49,61,5,1,125
528.81,429.64,591.84,149,0,0,50
1022.01,491.54,910.46,28,2,0,0
493.59,406.91,456.63,489,4,0,42
931.26,434.2,943.19,84,6,1,0
268.4,158.89,292.48,239,2,0,88
743.65,482.28,640.19,490,5,1,9
294.45,138.62,337.21,139,1,0,68
585.43,478.14,577.51,64,6,1,48
886.56,497.67,849.12,280,4,0,0
647.59,370.28,607.32,457,6,1,26
697.62,491.51,629.46,109,5,1,21
498.92,306.29,542.56,78,4,0,46
308.95,166.79,351.16,408,6,1,92
475.32,246.65,463.01,308,1,0,47
380.75,317.1,432.43,467,6,1,93
177.12,82.89,194.32,26,2,0,88
450.37,330.05,447.81,363,2,0,60
704.65,491.53,741.44,125,4,0,17
198.37,135.55,194.5,161,5,1,110
503.38,406.67,512.25,339,1,0,61
606.69,458.55,526.25,125,3,0,32
1037.79,474.67,1098.89,39,2,0,0
730.43,482.06,632.44,332,6,1,31
374.41,284.66,410.03,60,3,0,71
640.15,489.79,702.55,69,6,1,42
750.1,390.79,690.94,238,4,0,2
252.2,122.75,238.86,268,3,0,77
385.52,264.61,383.36,369,5,1,84
455.7,373.25,468.92,14,6,1,75
229.55,161.3,214.91,37,5,1,93
425.05,338.28,436.84,263,6,1,77
456.15,349.97,428.48,373,3,0,49
201.03,123.21,174.22,471,5,1,114
435.11,304.29,370.17,240,2,0,48
681.63,397.23,600.07,404,4,0,10
398.99,274.5,433.97,465,3,0,66
118.69,55.45,135.11,366,6,1,131
113.86,54.07,111.37,209,2,0,106
372.2,210.66,373.62,341,6,1,82
725.59,466.79,648.71,280,3,0,12
241.76,152.9,245.47,348,6,1,102
540.72,335.46,483.08,313,2,0,51
289.01,149.93,298.65,392,5,1,91
321.66,194.75,363.47,55,5,1,90
887.72,431.62,806.68,37,4,0,0
810.44,377.99,874.77,16,6,1,17
142.73,92.93,122.33,241,5,1,100
427.7,242.92,411.73,208,1,0,66
81.75,63.13,72.21,103,2,0,117
373.09,266.4,356.57,91,2,0,72
561.64,348.1,506.63,97,3,0,32
145.3,103.33,139.78,399,4,0,97
373.78,180.0,364.53,195,0,0,59
311.08,229.03,292.47,252,5,1,107
767.88,463.79,803.96,77,0,0,24
897.37,496.96,1010.13,320,1,0,4
132.83,70.21,128.87,460,4,0,104
621.28,392.45,563.94,442,2,0,44
449.57,217.28,418.64,383,0,0,50
400.71,226.61,443.27,444,1,0,75
638.46,389.42,652.18,196,4,0,43
587.1,463.29,579.18,248,1,0,28
795.58,477.92,711.96,399,5,1,24
625.83,309.71,616.39,227,0,0,35
382.33,210.7,356.93,117,3,0,62
821.8,404.4,931.06,316,3,0,4
276.04,162.95,307.85,47,4,0,75
400.59,303.83,350.59,404,1,0,66
256.52,211.36,257.8,445,2,0,76
519.34,345.48,476.5,358,0,0,46
300.22,158.18,292.19,285,3,0,85
271.11,136.22,301.76,19,3,0,93
692.84,463.21,698.56,35,1,0,3
162.46,95.81,154.38,57,3,0,109
450.15,277.68,410.71,356,6,1,88
240.59,149.38,262.26,379,1,0,98
96.64,67.52,100.25,23,0,0,96
88.48,66.21,87.63,109,1,0,106
179.96,128.85,164.71,196,3,0,95
552.4,440.05,524.94,21,1,0,38
247.63,177.12,281.79,381,3,0,94
577.64,477.71,581.12,388,5,1,59
569.61,311.73,552.64,288,4,0,38
373.75,246.48,376.15,350,3,0,74
675.93,311.04,732.51,337,6,1,41
393.74,282.51,374.86,176,6,1,74
605.11,391.45,546.79,131,6,1,35
275.93,177.12,282.96,402,6,1,122
252.41,208.87,264.92,481,3,0,108
922.42,452.34,981.28,104,3,0,0
586.31,475.91,653.5,34,4,0,53
966.61,451.65,929.26,26,5,1,0
499.49,238.75,435.85,435,2,0,49
696.23,401.16,791.96,38,3,0,11
460.92,264.35,451.94,453,2,0,56
507.74,273.89,526.51,332,0,0,49
225.53,142.11,236.78,350,5,1,98
583.74,316.01,591.88,322,1,0,25
166.5,133.76,151.78,81,2,0,100
249.81,199.2,268.93,279,6,1,108
720.5,434.76,786.16,259,5,1,27
250.52,143.18,254.5,304,0,0,81
171.25,82.02,170.66,153,5,1,124
105.75,81.05,93.5,283,1,0,100
957.43,473.35,837.93,232,3,0,0
392.15,278.11,373.28,84,3,0,59
373.39,234.24,352.2,111,6,1,84
629.23,414.9,714.87,29,3,0,26
681.86,426.12,739.88,126,4,0,27
269.4,199.49,282.33,183,4,0,86
616.91,362.13,620.18,382,4,0,38
794.66,397.01,715.36,182,6,1,12
565.66,344.59,646.85,13,4,0,47
199.86,118.22,192.37,349,0,0,118
909.95,444.15,802.65,488,6,1,23
557.7,292.59,556.66,157,5,1,48
299.4,177.11,332.99,404,0,0,63
351.82,241.35,392.7,123,3,0,80
139.5,66.91,119.03,330,1,0,105
191.1,107.54,213.25,411,4,0,112
560.64,394.5,522.2,176,5,1,53
73.46,50.01,63.3,309,1,0,115
475.65,237.45,525.28,490,6,1,90
354.74,285.13,393.47,127,6,1,101
163.5,74.59,168.22,109,0,0,84
649.06,487.89,663.55,283,4,0,22
302.92,151.76,331.37,184,6,1,95
298.05,186.89,323.65,168,0,0,82
316.06,186.77,353.05,393,0,0,82
319.77,153.69,324.83,236,2,0,82
81.72,50.66,93.18,432,5,1,142
657.13,378.21,754.94,47,0,0,49
606.01,485.08,536.3,472,3,0,37
181.47,150.93,200.5,440,6,1,110
503.33,348.37,503.3,207,0,0,47
721.87,383.85,697.52,145,4,0,11
570.51,431.79,589.86,113,6,1,59
315.54,240.18,273.51,479,6,1,97
300.15,186.32,300.73,202,3,0,100
362.88,196.38,403.26,259,0,0,70
708.77,370.68,647.84,22,3,0,12
575.57,417.55,562.86,64,0,0,57
168.56,131.73,190.78,353,5,1,113
464.3,216.92,454.35,94,3,0,53
665.88,455.87,637.59,118,1,0,10
848.06,413.01,832.93,52,2,0,0
1017.69,493.19,1023.62,397,3,0,0
768.12,389.41,798.54,80,4,0,20
310.64,226.94,338.66,453,2,0,87
638.46,315.79,629.28,277,2,0,19
684.23,347.46,749.4,68,0,0,34
153.27,85.31,154.82,470,3,0,108
453.51,295.02,431.54,447,5,1,83
539.95,369.19,565.54,53,6,1,46
165.63,125.29,176.44,281,2,0,106
686.1,401.28,698.05,399,4,0,34
558.25,312.7,483.99,23,5,1,40
746.14,478.5,672.25,380,5,1,11
115.75,69.09,108.3,121,4,0,104
264.85,169.4,247.58,388,6,1,114
590.41,320.7,621.13,323,4,0,52
385.48,183.45,329.78,424,0,0,61
506.68,371.49,545.55,237,1,0,40
619.2,391.55,575.61,494,6,1,43
128.9,96.13,121.55,178,3,0,99
513.24,281.23,517.53,385,2,0,56
538.16,279.0,492.29,300,3,0,40
460.87,216.18,514.03,255,5,1,69
694.8,469.82,608.37,275,2,0,24
908.2,422.38,893.05,346,6,1,6
459.5,363.74,507.67,252,0,0,65
669.72,371.45,693.0,499,3,0,15
324.05,257.77,303.87,167,0,0,48
972.45,464.45,949.33,309,0,0,0
627.17,362.57,666.06,448,6,1,49
706.69,378.04,807.03,336,3,0,37
889.34,437.76,994.23,27,3,0,0
234.05,173.33,222.99,92,6,1,117
511.76,413.18,588.25,344,6,1,74
286.59,137.86,243.9,240,2,0,91
311.17,205.4,267.08,351,5,1,82
267.16,201.02,293.11,262,5,1,108
818.11,490.34,744.35,176,6,1,9
783.06,435.44,679.87,51,4,0,1
449.95,365.53,414.47,258,0,0,52
556.29,377.18,543.96,257,5,1,60
373.46,302.93,399.29,447,1,0,87
771.59,476.19,800.37,389,6,1,23
572.63,273.32,527.55,295,6,1,53
482.87,221.23,483.35,29,2,0,29
226.63,123.37,255.61,391,6,1,119
549.82,403.79,601.78,361,2,0,69
801.28,380.5,758.77,390,4,0,0
382.65,222.96,438.02,51,4,0,68
83.03,61.34,88.23,354,6,1,139
907.14,427.55,788.07,96,0,0,0
107.93,55.14,92.88,270,2,0,109
708.29,366.66,637.83,315,2,0,9
929.04,486.62,992.54,306,1,0,0
345.81,246.95,313.0,359,0,0,71
219.75,155.74,220.5,249,0,0,93
693.37,367.19,608.76,176,5,1,14
593.03,417.71,667.91,322,4,0,44
484.87,295.89,462.17,228,5,1,80
961.6,485.17,1079.34,450,0,0,0
145.33,73.25,164.72,499,6,1,113
458.21,277.16,390.33,430,1,0,52
743.69,373.3,735.69,400,6,1,23
893.3,438.19,765.91,142,6,1,0
242.35,130.67,272.07,216,0,0,92
585.66,410.0,588.89,60,5,1,42
440.31,298.72,384.17,115,3,0,44
346.06,228.45,305.6,401,6,1,89
143.89,109.27,138.86,193,6,1,101
647.28,439.38,732.77,210,3,0,18
170.23,120.77,180.08,20,1,0,103
313.53,189.4,348.1,263,4,0,62
380.62,180.52,365.37,159,2,0,55
576.76,442.14,497.72,363,0,0,15
677.31,352.72,773.69,364,5,1,45
770.97,408.51,659.29,470,4,0,7
210.83,162.71,239.15,404,5,1,115
702.98,331.19,675.29,453,4,0,45
543.43,307.29,463.56,105,0,0,43
664.23,424.77,701.92,115,2,0,17
895.58,457.74,1024.69,152,0,0,0
80.84,55.47,92.13,175,2,0,140
668.99,353.31,600.94,10,5,1,39
90.9,73.33,82.21,55,1,0,112
605.68,296.99,617.59,251,2,0,36
295.74,179.43,307.92,353,4,0,87
345.39,188.05,370.2,436,1,0,65
296.8,208.83,268.4,497,5,1,99
618.65,329.58,703.84,287,3,0,42
395.08,200.32,411.53,12,1,0,54
635.34,379.71,701.49,151,2,0,29
421.78,232.04,426.85,395,1,0,80
133.76,80.76,130.32,70,5,1,115
843.27,402.69,963.99,425,1,0,35
303.22,178.59,310.69,303,5,1,79
499.72,244.75,554.72,234,3,0,50
717.38,358.45,814.94,311,2,0,13
321.47,199.61,338.38,179,6,1,80
107.92,75.46,109.5,143,4,0,99
350.55,218.26,298.34,50,1,0,66
962.46,475.0,829.64,240,6,1,0
483.65,338.78,440.25,418,0,0,45
607.29,352.17,550.08,235,4,0,6
671.09,334.53,621.72,148,1,0,32
216.78,139.55,204.1,119,4,0,86
438.91,238.25,420.48,494,6,1,66
560.79,387.92,547.43,306,0,0,43
125.19,95.62,110.12,464,4,0,111
349.08,175.03,301.16,66,6,1,76
226.47,174.34,238.28,439,4,0,97
359.62,244.41,363.65,132,0,0,58
1009.4,491.17,992.49,249,0,0,0
124.3,80.38,129.31,95,0,0,94
615.87,283.42,676.42,185,3,0,31
284.92,130.71,278.74,72,5,1,100
714.76,486.8,745.02,48,5,1,44
125.32,100.99,142.37,147,6,1,137
441.25,231.62,486.21,478,0,0,78
630.76,382.05,616.75,463,6,1,45
477.44,367.05,498.17,250,5,1,55
458.24,240.23,413.85,458,4,0,70
253.54,205.94,258.15,235,0,0,101
473.92,228.93,542.35,452,1,0,58
226.13,168.92,227.37,215,0,0,100
189.01,142.4,213.26,173,0,0,94
367.81,267.37,357.59,36,5,1,95
369.06,170.84,424.29,466,6,1,89
339.55,179.36,347.62,192,2,0,94
691.55,345.54,596.59,207,4,0,19
776.2,485.84,796.4,488,5,1,48
494.13,321.64,460.72,346,6,1,60
121.42,84.64,104.39,446,6,1,128
141.2,84.01,154.79,116,4,0,93
837.62,478.14,781.26,453,6,1,21
336.65,183.78,366.59,198,1,0,85
133.22,91.43,124.76,45,3,0,124
686.65,319.57,623.68,94,2,0,17
452.9,330.64,517.29,164,1,0,69
740.28,341.83,709.55,178,1,0,5
206.93,170.33,213.22,293,4,0,101
95.49,56.8,98.64,281,2,0,108
742.54,484.26,756.02,44,4,0,12
268.65,162.9,302.07,429,3,0,93
627.19,354.21,660.01,193,6,1,45
601.87,367.98,584.49,108,4,0,31
524.02,324.5,580.99,246,0,0,48
368.78,190.81,333.49,412,4,0,66
324.36,171.99,328.66,450,6,1,107
648.51,318.95,736.17,478,0,0,43
637.61,439.74,661.6,131,1,0,33
861.39,476.03,943.3,426,3,0,0
174.34,97.66,182.37,32,6,1,115
187.86,119.67,206.98,384,5,1,122
801.1,475.13,907.92,72,0,0,8
577.42,381.44,538.08,335,3,0,57
600.27,447.35,540.78,489,4,0,11
199.61,141.18,198.65,159,5,1,116
410.47,314.41,435.33,204,4,0,72
688.29,365.51,631.95,492,6,1,41
662.51,356.05,563.95,89,1,0,14
502.53,233.67,478.85,499,6,1,73
109.85,56.93,125.3,324,6,1,135
391.03,312.32,413.91,162,6,1,75
341.6,163.9,331.49,26,4,0,71
521.06,252.61,473.01,48,0,0,36
790.29,480.91,756.17,342,1,0,0
409.97,229.57,369.37,357,3,0,69
931.17,427.91,821.19,468,1,0,0
233.59,134.84,262.09,211,3,0,77
742.35,352.61,853.18,432,2,0,23
628.24,489.65,564.94,289,0,0,17
133.33,95.85,115.52,431,0,0,117
88.18,53.74,83.68,97,3,0,110
437.47,245.11,432.43,490,4,0,78
184.85,91.68,168.48,474,5,1,108
846.36,386.77,795.94,450,4,0,6
733.33,461.55,667.52,309,2,0,38
306.0,245.31,331.18,301,3,0,86
333.04,166.42,354.27,364,2,0,88
442.94,245.48,460.87,79,3,0,64
525.22,375.55,507.45,387,2,0,33
91.65,54.07,102.89,133,3,0,116
612.32,315.25,698.57,89,0,0,42
642.32,325.98,579.43,54,2,0,16
572.7,336.96,525.11,485,2,0,30
239.19,158.91,241.03,242,3,0,96
807.16,371.32,708.18,489,1,0,0
169.8,91.13,166.56,163,1,0,119
224.63,139.67,230.14,404,0,0,96
658.6,444.86,662.96,189,4,0,13
738.5,382.43,701.04,418,4,0,9
81.03,56.19,82.06,40,0,0,106
221.9,161.77,252.44,94,4,0,116
253.39,146.48,231.04,54,5,1,87
256.07,171.86,267.97,380,5,1,104
295.19,161.4,254.75,332,5,1,88
102.98,78.14,89.58,341,6,1,130
475.84,256.52,483.23,252,6,1,64
563.25,379.73,496.5,49,5,1,33
387.71,323.03,332.16,439,3,0,63
468.13,352.79,422.0,191,1,0,46
184.59,86.52,188.19,306,0,0,93
988.55,478.17,1048.85,482,3,0,0
612.61,427.32,557.93,385,5,1,57
815.66,412.29,856.84,90,0,0,0
760.22,420.34,687.8,47,1,0,0
1019.72,469.72,1054.43,365,4,0,0
464.08,294.91,451.82,429,3,0,58
263.64,140.13,275.81,476,1,0,78
413.87,327.55,475.34,437,0,0,89
613.43,384.3,694.0,66,2,0,46
826.71,382.06,703.77,331,3,0,5
495.0,284.65,552.24,474,6,1,80
120.23,80.81,104.59,39,0,0,80
286.5,217.0,325.44,275,0,0,102
883.89,464.34,826.04,236,6,1,0
577.44,313.0,557.01,326,1,0,30
459.98,292.25,403.63,456,0,0,56
367.78,170.98,325.0,301,3,0,80
263.75,215.8,281.69,63,5,1,109
681.05,452.91,771.83,106,6,1,53
742.18,349.91,766.84,458,3,0,17
614.95,404.32,654.77,475,6,1,53
369.53,254.46,398.58,13,0,0,71
578.56,333.61,537.39,448,1,0,37
327.4,161.77,282.73,319,3,0,82
478.85,367.46,407.29,376,2,0,57
519.51,242.42,496.24,100,5,1,63
497.06,249.15,458.51,98,6,1,33
472.66,342.2,410.59,329,4,0,51
901.18,471.33,814.54,384,1,0,0
124.9,78.8,110.83,101,1,0,104
674.78,421.13,758.77,159,4,0,23
360.11,181.57,321.25,243,4,0,54
540.19,249.76,546.29,418,3,0,53
79.41,59.86,81.63,346,0,0,112
300.58,185.47,304.5,68,0,0,82
464.25,276.18,408.41,194,2,0,42
118.66,75.28,112.21,447,5,1,140
423.61,270.99,366.59,53,6,1,77
585.06,467.2,566.75,189,0,0,37
183.7,97.43,166.54,85,2,0,90
644.67,394.0,656.59,153,2,0,36
326.87,234.35,345.78,110,1,0,79
695.19,344.83,701.88,390,1,0,27
334.64,167.11,328.04,281,5,1,100
205.35,121.77,198.41,474,3,0,112
183.12,122.21,201.89,64,4,0,83
150.21,81.72,137.57,198,4,0,90
198.73,133.54,212.69,360,5,1,106
501.02,348.9,539.72,344,2,0,41
862.48,446.76,841.57,86,5,1,5
516.42,416.36,485.01,305,4,0,51
463.93,358.31,459.83,228,2,0,54
120.31,99.69,105.63,286,4,0,101
243.71,180.13,210.51,75,3,0,93
240.36,189.41,212.36,145,1,0,85
356.78,162.48,323.29,243,1,0,71
419.48,281.75,420.0,208,2,0,73
392.64,291.0,433.76,275,5,1,84
303.47,210.6,279.4,450,4,0,102
446.89,209.21,505.23,397,0,0,62
727.37,422.85,826.64,52,3,0,42
634.04,405.18,721.32,370,4,0,31
390.85,188.51,430.43,237,6,1,90
735.62,461.2,705.57,236,0,0,5
734.91,478.77,640.7,72,3,0,13
277.28,197.03,283.01,180,3,0,78
330.53,209.49,336.35,460,1,0,83
420.93,277.54,465.13,259,2,0,60
888.91,473.5,1021.18,347,4,0,16
661.89,444.34,663.51,259,3,0,20
170.89,96.16,162.95,316,4,0,117
287.01,226.73,259.97,247,3,0,69
416.02,299.02,354.22,65,5,1,54
444.3,276.41,445.52,180,1,0,67
293.27,137.24,298.16,417,2,0,79
688.42,436.47,755.53,489,0,0,33
661.04,354.62,661.95,43,0,0,19
621.41,427.06,699.05,324,5,1,43
579.18,436.44,601.43,139,6,1,52
486.75,386.76,536.45,139,1,0,67
372.81,247.64,333.47,403,3,0,78
440.9,324.75,487.89,160,1,0,64
167.86,122.16,176.67,152,2,0,110
692.42,353.14,623.92,127,0,0,1
158.87,130.66,144.08,213,4,0,96
636.81,362.28,718.3,393,0,0,44
242.16,153.32,208.18,244,6,1,99
175.6,102.9,173.63,26,6,1,107
219.26,124.38,206.99,91,6,1,91
77.03,50.9,80.84,23,6,1,103
558.32,373.43,615.21,90,2,0,52
733.88,379.58,703.14,216,3,0,14
583.52,281.72,570.72,213,1,0,44
170.75,122.61,195.44,388,0,0,100
113.67,87.6,123.35,281,6,1,117
122.95,58.61,137.6,41,0,0,104
193.1,124.59,189.55,32,6,1,115
789.64,450.88,726.65,111,4,0,0
247.49,158.69,240.94,171,1,0,94
277.65,209.42,295.65,107,4,0,72
174.29,97.41,153.87,153,4,0,93
258.88,150.06,241.05,427,6,1,102
397.96,283.65,343.83,113,3,0,69
534.36,323.49,523.52,391,0,0,49
320.33,160.41,351.79,464,5,1,117
136.04,75.98,116.64,426,1,0,93
293.06,225.96,308.47,333,3,0,86
271.63,155.39,306.87,180,5,1,103
283.13,148.8,260.78,73,3,0,83
960.36,481.94,1016.15,253,6,1,0
598.73,327.34,684.07,80,6,1,72
406.6,300.6,462.99,283,3,0,70
452.9,237.1,416.88,461,2,0,47
456.24,243.02,401.54,378,2,0,53
359.26,293.41,321.35,134,3,0,62
585.7,363.39,621.2,392,2,0,71
561.01,365.97,599.0,326,1,0,57
237.91,127.26,250.34,340,0,0,93
389.51,275.05,370.35,116,5,1,76
421.54,235.38,379.78,157,6,1,80
933.48,441.74,956.1,404,1,0,0
667.54,334.14,664.27,472,0,0,0
614.43,289.63,656.61,439,2,0,47
222.05,101.93,218.14,201,5,1,106
390.49,322.54,371.58,346,1,0,53
187.27,102.74,175.67,235,4,0,104
325.38,201.74,297.21,251,6,1,111
235.4,114.28,218.86,469,3,0,98
524.73,361.43,460.95,371,6,1,68
311.48,142.81,297.17,293,0,0,96
410.51,226.34,353.44,441,0,0,53
903.18,453.05,818.21,172,4,0,0
182.48,141.94,195.99,17,4,0,101
385.31,278.51,365.14,356,3,0,65
467.42,238.67,491.01,415,2,0,47
71.07,58.16,75.69,386,6,1,132
820.35,406.74,840.33,161,1,0,9
98.42,81.07,111.96,331,1,0,112
489.19,263.41,418.96,104,1,0,34
473.14,302.31,507.01,223,2,0,55
602.85,332.79,685.82,73,6,1,54
682.35,359.88,756.51,74,6,1,22
252.92,163.97,227.72,390,3,0,86
71.27,54.49,67.57,279,1,0,101
476.82,375.55,429.96,34,0,0,51
520.66,291.05,536.49,493,0,0,38
733.43,426.25,780.12,109,0,0,27
815.0,419.62,770.27,114,4,0,0
734.33,429.5,743.03,140,4,0,8
435.29,268.29,460.22,398,2,0,68
319.83,200.13,312.28,330,1,0,69
498.18,406.2,551.09,447,4,0,62
388.62,253.08,420.28,28,0,0,58
288.43,132.55,250.76,234,4,0,72
901.45,434.74,934.21,115,6,1,9
683.86,447.15,629.56,63,0,0,2
464.54,259.84,472.56,487,1,0,48
172.11,84.06,195.7,469,6,1,123
368.5,224.52,410.41,403,2,0,77
501.3,411.59,486.94,235,3,0,50
580.92,455.8,544.59,409,3,0,41
242.13,141.56,222.84,369,6,1,105
173.85,80.14,175.55,439,0,0,109
842.11,444.81,744.66,422,4,0,0
286.25,225.23,290.48,24,4,0,58
408.18,293.79,347.12,57,0,0,36
957.33,485.63,906.74,148,1,0,0
163.22,79.95,149.51,43,6,1,110
621.18,341.74,709.0,429,0,0,54
153.73,83.35,164.21,423,1,0,103
268.96,218.96,256.83,364,2,0,85
835.18,411.72,733.17,466,2,0,0
487.25,245.06,489.71,219,6,1,91
727.67,498.73,665.11,28,0,0,8
575.61,301.58,581.9,496,2,0,39
275.22,194.52,302.91,205,4,0,69
184.87,149.05,191.29,335,1,0,119
291.06,207.73,302.75,124,3,0,78
300.04,217.64,303.74,426,3,0,91
124.44,80.92,140.39,361,2,0,119
350.08,216.31,395.44,473,1,0,77
442.35,258.91,444.04,84,4,0,62
629.17,375.23,592.51,159,3,0,19
508.16,345.53,502.0,45,4,0,34
453.5,368.94,410.85,251,4,0,64
97.05,53.76,101.02,160,3,0,107
236.09,147.95,236.1,72,3,0,91
521.18,347.76,459.15,163,2,0,43
553.52,267.8,503.31,197,6,1,57
101.99,52.39,101.37,232,1,0,94
847.85,412.02,946.43,102,0,0,0
674.2,397.76,687.63,14,1,0,17
395.01,296.79,416.52,447,0,0,64
151.52,79.91,144.21,175,3,0,104
555.3,394.93,567.2,455,4,0,59
513.17,312.67,505.06,34,1,0,56
508.38,401.88,532.65,107,4,0,45
786.4,388.29,680.37,277,1,0,0
545.43,411.35,544.33,159,6,1,61
595.39,283.1,558.96,402,5,1,56
233.56,113.15,221.38,261,1,0,80
585.97,352.02,666.99,93,4,0,60
640.11,329.21,579.18,294,5,1,48
698.69,384.01,659.13,181,2,0,24
253.28,126.45,254.03,230,6,1,114
224.76,137.74,249.24,118,3,0,96
894.97,450.68,872.6,36,2,0,0
644.19,387.49,691.31,255,2,0,32
982.07,458.7,1087.06,64,1,0,0
660.08,391.42,622.46,474,3,0,31
529.91,318.72,512.86,142,6,1,55
683.58,344.36,654.16,61,5,1,30
909.93,450.11,1000.79,262,1,0,10
544.7,310.46,470.25,278,0,0,32
461.65,334.58,435.11,307,1,0,52
200.82,120.41,211.63,408,5,1,114
570.78,263.26,581.98,88,4,0,19
727.25,372.38,713.35,27,6,1,22
345.77,171.92,349.91,315,6,1,65
173.85,141.01,158.07,267,1,0,92
318.93,191.22,312.3,352,0,0,87
293.01,158.68,293.16,116,1,0,83
297.83,146.71,333.67,406,5,1,96
301.3,241.18,279.69,500,6,1,98
941.1,458.53,1044.95,461,0,0,0
486.36,278.18,507.41,56,3,0,50
188.03,134.56,160.97,255,5,1,138
128.42,84.64,137.07,98,6,1,137
538.34,363.27,463.33,212,1,0,37
384.7,222.26,442.1,443,6,1,93
525.49,419.82,584.23,249,0,0,42
471.11,346.78,442.47,499,5,1,63
821.8,408.31,761.99,277,3,0,0
229.71,172.38,221.54,22,4,0,80
518.26,361.56,495.9,146,2,0,52
279.14,168.83,268.44,324,0,0,99
811.48,472.58,767.24,182,4,0,1
660.5,336.37,684.5,239,3,0,29
322.93,196.03,290.4,207,4,0,56
340.82,171.28,376.2,500,1,0,90
247.14,135.92,270.31,252,2,0,79
476.11,362.59,472.76,52,0,0,45
201.31,148.42,222.61,339,5,1,123
520.39,317.89,480.92,288,6,1,69
270.01,169.09,230.93,88,3,0,73
676.13,347.89,700.31,438,2,0,26
742.07,416.72,732.7,288,3,0,7
635.43,400.11,648.23,241,6,1,34
537.86,392.38,602.3,110,4,0,42
191.87,134.48,218.92,171,3,0,81
159.39,89.77,165.82,153,3,0,107
591.79,364.53,638.67,456,4,0,49
370.01,215.76,323.81,118,4,0,68
335.21,244.56,301.09,444,6,1,81
119.26,64.02,127.6,242,2,0,96
342.38,166.81,335.33,120,0,0,71
94.99,65.15,93.45,425,4,0,115
753.8,445.63,710.51,431,2,0,10
347.06,159.53,358.24,241,6,1,86
461.2,300.8,417.64,449,3,0,73
121.24,67.54,125.85,247,3,0,111
451.67,350.08,407.47,206,5,1,87
352.83,195.36,306.66,282,1,0,81
585.57,454.06,555.77,95,4,0,48
970.91,449.65,892.6,304,6,1,0
376.2,196.38,420.1,50,2,0,75
905.47,455.43,784.58,57,5,1,0
948.76,498.27,856.72,475,2,0,0
754.26,421.44,765.28,421,0,0,31
709.78,430.19,705.75,86,5,1,27
333.57,162.05,288.12,187,6,1,74
667.58,309.52,568.89,499,2,0,16
136.37,80.27,156.34,266,4,0,99
197.62,92.71,207.04,126,2,0,87
890.78,499.5,854.81,443,1,0,0
342.44,196.99,339.4,28,3,0,86
639.76,386.68,594.95,491,3,0,23
582.03,413.0,554.95,68,5,1,63
524.95,436.11,548.43,205,2,0,56
719.21,498.93,801.81,116,2,0,27
271.29,158.67,245.58,460,2,0,93
107.69,68.16,118.68,434,2,0,114
387.45,235.04,343.46,403,1,0,78
236.68,108.54,216.44,293,4,0,94
93.16,60.09,80.22,43,1,0,89
350.58,212.19,312.8,304,6,1,88
536.98,402.68,604.21,260,6,1,74
380.35,304.78,375.73,135,1,0,62
376.81,190.75,329.07,348,1,0,67
609.92,344.45,694.04,115,3,0,33
302.75,154.41,337.17,449,6,1,88
76.23,56.47,82.05,189,1,0,97
698.03,393.96,788.8,119,2,0,11
480.7,330.68,440.34,237,1,0,55
561.28,393.04,617.92,130,2,0,19
81.8,67.52,86.47,116,5,1,119
567.66,426.7,630.63,140,6,1,51
496.23,328.79,540.43,32,4,0,48
399.71,303.53,381.3,154,3,0,43
723.69,331.08,783.26,336,4,0,28
662.28,438.99,615.09,163,5,1,21
417.88,314.12,396.39,116,4,0,69
435.71,311.43,384.46,155,3,0,46
886.35,495.81,1002.04,261,2,0,3
493.65,390.53,462.69,311,5,1,64
513.61,249.03,516.79,79,5,1,62
796.14,368.33,770.19,40,2,0,0
325.74,225.15,370.69,102,2,0,73
252.45,152.99,239.96,146,3,0,87
389.35,318.58,421.89,383,6,1,92
860.87,467.68,952.66,172,1,0,0
755.5,468.11,740.9,90,6,1,26
299.68,203.86,288.73,325,0,0,92
404.4,287.45,434.46,85,1,0,71
269.27,145.24,302.63,72,6,1,109
804.93,498.03,866.49,109,1,0,9
678.11,491.5,622.6,445,4,0,12
646.6,342.28,721.93,57,0,0,24
727.19,411.99,702.66,454,2,0,21
765.4,371.8,782.91,417,1,0,25
417.54,316.92,459.05,83,6,1,106
146.95,74.01,133.22,323,3,0,113
477.08,254.64,517.8,201,1,0,45
465.06,353.65,478.48,39,2,0,45
672.45,354.89,751.8,166,6,1,68
357.7,217.91,322.5,496,1,0,71
1016.21,473.76,992.03,275,5,1,0
168.12,125.31,184.91,265,4,0,92
507.08,275.16,433.94,48,4,0,53
570.93,360.9,504.51,64,1,0,34
784.46,363.71,899.91,37,4,0,7
523.08,341.89,488.62,411,3,0,36
375.96,173.88,429.6,434,0,0,81
252.79,120.29,228.72,127,1,0,83
494.3,336.17,473.7,379,3,0,60
640.5,319.69,689.09,218,5,1,54
286.99,130.71,300.57,84,3,0,77
533.58,367.31,546.57,74,3,0,37
417.1,254.83,420.84,346,5,1,78
602.91,350.49,665.03,365,2,0,38
638.06,426.82,587.32,109,1,0,20
153.58,126.38,150.93,55,1,0,98
83.24,58.62,74.64,325,1,0,104
593.66,400.6,610.75,402,0,0,47
533.12,324.36,493.23,438,3,0,41
500.23,364.84,475.29,453,1,0,43
885.63,427.17,877.99,165,4,0,0
783.42,411.26,672.2,249,2,0,0
620.0,482.41,544.1,362,5,1,42
538.69,291.17,568.74,268,5,1,67
500.16,269.82,489.5,444,0,0,62
497.76,230.85,552.24,145,6,1,82
143.35,119.16,151.73,379,5,1,125
445.49,307.67,379.75,207,2,0,40
371.63,174.66,384.64,196,6,1,82
990.56,464.59,869.83,125,3,0,0
600.06,312.44,650.63,454,5,1,76
622.71,316.78,714.53,67,6,1,72
270.84,209.72,273.38,79,6,1,103
125.79,73.4,132.69,102,5,1,127
92.03,64.28,84.78,238,4,0,113
332.18,240.5,325.97,405,3,0,81
177.02,88.05,195.93,146,1,0,82
431.33,323.08,388.29,114,2,0,53
744.95,446.44,692.55,314,5,1,15
956.61,447.31,940.95,348,4,0,0
480.29,346.57,510.87,26,2,0,51
315.93,145.05,304.16,63,6,1,107
961.86,438.35,1085.29,121,0,0,0
787.82,448.74,691.97,181,4,0,0
189.76,138.49,182.4,425,6,1,112
578.91,381.84,615.2,428,0,0,62
290.68,178.93,266.78,471,5,1,98
620.62,411.19,649.74,314,4,0,39
738.48,498.76,664.09,447,1,0,11
137.96,63.51,119.58,153,6,1,111
614.18,453.81,544.35,94,2,0,23
638.35,330.18,720.7,21,2,0,13
585.83,488.02,594.92,261,6,1,38
465.67,259.25,507.07,225,6,1,77
912.66,431.32,866.84,135,3,0,0
116.17,78.08,119.4,107,4,0,109
278.32,200.88,277.9,401,4,0,79
148.43,80.16,168.27,414,6,1,109
935.08,488.9,1004.53,313,0,0,1
788.51,417.64,843.05,401,4,0,10
658.85,433.65,569.18,37,2,0,19
685.56,472.08,695.78,345,4,0,29
190.36,88.3,188.48,275,3,0,102
474.6,223.52,535.51,61,3,0,56
135.84,81.97,125.95,152,6,1,121
296.41,144.86,275.94,141,2,0,75
253.16,153.21,246.43,355,2,0,82
424.13,261.1,391.47,216,2,0,48
231.81,170.85,206.02,493,4,0,69
155.22,95.44,171.87,489,4,0,106
217.82,125.37,221.63,71,1,0,104
142.15,116.27,157.56,372,5,1,130
802.14,487.88,881.82,495,6,1,35
776.06,391.68,725.32,141,5,1,9
912.75,485.49,925.82,50,0,0,0
454.9,247.88,398.03,210,4,0,49
369.73,175.27,415.79,108,1,0,87
498.46,409.23,484.14,320,1,0,40
345.81,196.81,334.78,293,3,0,65
367.11,184.72,345.39,366,4,0,62
269.26,154.63,266.08,56,1,0,66
165.12,108.36,152.83,146,3,0,88
221.03,165.41,212.73,139,0,0,90
438.17,209.89,477.59,204,3,0,55
590.28,353.3,649.47,126,0,0,1
162.41,78.15,152.87,373,5,1,128
258.46,144.73,256.06,441,5,1,88
776.03,414.06,863.06,78,2,0,20
232.72,116.11,201.49,467,2,0,92
379.62,204.19,423.94,37,6,1,104
701.7,439.1,642.59,344,3,0,26
205.15,119.72,216.14,23,6,1,101
174.73,87.23,179.06,55,2,0,88
421.8,268.04,428.5,480,4,0,82
295.53,186.09,327.39,406,3,0,72
393.29,303.53,346.28,25,1,0,59
870.6,411.71,830.65,487,4,0,0
144.23,111.72,145.89,433,6,1,119
575.37,311.31,629.11,465,3,0,52
447.63,277.48,409.55,218,6,1,70
184.38,114.84,201.14,167,5,1,117
621.75,330.8,603.03,346,0,0,33
219.38,173.14,198.91,236,6,1,109
483.45,269.53,521.01,458,2,0,61
171.61,87.02,150.55,250,2,0,91
520.87,256.81,523.18,67,2,0,43
257.53,187.91,223.84,481,3,0,80
881.07,420.07,843.11,313,4,0,0
140.4,75.64,144.66,314,0,0,102
496.26,238.37,504.61,354,2,0,52
431.93,256.29,419.57,139,4,0,57
655.44,376.25,641.49,226,6,1,49
653.57,308.43,600.0,23,1,0,12
735.48,350.25,725.75,368,5,1,33
658.72,399.67,748.3,386,1,0,39
645.78,437.99,713.67,252,0,0,29
304.68,191.24,272.26,490,2,0,82
463.8,292.11,398.38,154,1,0,57
636.45,428.05,719.23,388,5,1,57
727.32,495.25,733.16,424,4,0,22
928.06,450.28,938.6,403,4,0,0
275.76,217.16,298.99,335,1,0,107
258.78,137.82,244.4,112,6,1,91
370.97,270.23,368.96,226,6,1,67
592.69,383.74,676.02,367,2,0,55
342.71,271.66,360.4,430,5,1,93
393.12,267.43,352.28,73,0,0,55
840.92,427.2,748.39,167,2,0,0
443.34,212.63,404.01,171,3,0,72
621.08,436.91,670.77,27,1,0,36
387.71,233.06,363.91,225,3,0,69
330.23,197.7,282.82,328,1,0,74
527.3,254.3,597.56,58,0,0,52
771.58,393.1,695.13,65,2,0,12
182.79,106.7,155.89,356,5,1,110
258.89,138.39,238.47,67,6,1,81
978.94,478.15,901.13,164,6,1,0
156.0,128.97,152.35,64,2,0,102
489.65,305.48,551.4,496,1,0,64
654.7,310.69,729.18,350,6,1,56
524.53,270.33,517.74,28,4,0,37
592.8,340.14,576.96,496,3,0,40
265.37,153.42,269.74,160,5,1,98
462.32,298.7,426.73,368,5,1,64
374.18,217.48,323.91,377,6,1,93
645.21,347.75,730.23,117,2,0,20
183.77,113.55,166.49,56,2,0,115
587.44,306.89,534.29,216,1,0,40
274.91,133.37,272.64,372,4,0,68
237.6,175.39,237.0,459,3,0,91
245.12,148.42,209.71,492,4,0,88
212.7,132.28,190.24,444,5,1,114
795.7,421.57,766.61,349,4,0,0
258.9,178.57,273.17,421,6,1,106
859.78,467.21,789.73,137,1,0,0
1010.63,486.47,987.29,194,4,0,0
496.88,307.07,505.42,67,3,0,39
241.4,114.35,269.54,152,5,1,114
479.31,218.55,454.3,409,0,0,37
534.16,408.98,475.44,106,5,1,56
308.57,215.33,307.58,56,0,0,83
191.72,89.16,205.91,200,3,0,94
648.69,300.55,572.77,149,5,1,34
558.41,430.3,545.79,112,5,1,64
495.92,408.17,424.18,240,5,1,51
175.32,128.81,150.78,436,5,1,109
774.63,352.74,770.67,349,1,0,5
205.93,149.23,193.47,422,2,0,108
252.31,148.19,278.43,500,5,1,123
908.13,443.33,935.96,58,1,0,0
198.13,162.35,195.4,396,3,0,108
303.99,168.46,295.59,121,5,1,99
74.29,50.29,74.22,462,4,0,134
911.14,441.8,785.52,325,5,1,0
603.28,406.67,674.36,331,6,1,58
626.97,332.3,720.69,96,5,1,64
726.48,387.62,657.07,391,0,0,19
168.34,118.42,149.16,483,4,0,125
316.41,256.25,282.58,291,5,1,100
334.8,208.05,350.98,336,5,1,95
137.3,92.2,143.95,261,5,1,109
539.93,268.76,596.29,83,1,0,40
928.83,464.33,999.01,462,3,0,0
112.72,68.03,111.02,56,0,0,102
327.26,181.16,338.34,85,5,1,98
258.72,143.39,273.33,105,3,0,85
318.6,157.17,319.82,435,0,0,91
745.54,458.8,740.1,40,0,0,12
384.55,260.63,401.29,31,6,1,76
380.67,259.83,387.23,26,0,0,65
681.04,392.26,710.45,221,5,1,45
197.11,119.52,203.78,157,1,0,96
441.63,269.27,470.68,244,5,1,78
314.38,243.49,327.85,401,5,1,90
611.29,318.61,614.91,363,3,0,32
706.59,499.8,745.12,314,2,0,47
553.55,396.25,545.16,96,2,0,50
369.39,229.04,340.76,47,6,1,63
603.09,422.4,512.88,62,2,0,0
226.23,126.82,230.3,37,3,0,88
100.12,63.71,102.84,86,4,0,116
234.15,142.0,267.31,422,6,1,106
352.97,203.19,338.3,209,3,0,80
392.65,279.76,380.18,404,0,0,69
443.07,326.81,403.43,440,5,1,72
956.52,459.77,833.28,182,4,0,0
456.52,279.43,493.88,283,0,0,56
444.25,275.57,410.89,59,6,1,63
89.72,72.61,92.65,354,5,1,136
111.57,65.71,117.86,186,5,1,122
522.78,298.02,518.27,415,6,1,84
434.75,247.18,483.84,310,0,0,73
815.51,427.63,801.76,454,3,0,12
168.47,122.31,157.6,236,2,0,98
88.93,61.24,99.5,136,4,0,119
506.84,252.07,561.82,358,6,1,68
336.82,156.87,302.87,30,6,1,85
96.62,72.33,82.88,208,5,1,114
638.43,376.07,559.9,198,1,0,31
141.72,100.22,132.65,341,5,1,123
407.94,323.74,465.74,429,2,0,93
269.21,176.47,273.94,161,5,1,122
172.09,128.07,165.55,169,1,0,105
421.88,220.89,471.08,356,6,1,84
711.96,410.65,701.95,489,3,0,13
304.3,226.44,287.43,452,5,1,106
469.0,387.85,531.08,105,4,0,60
213.81,106.47,236.22,361,3,0,103
547.38,397.75,603.81,483,1,0,70
282.89,156.62,283.93,84,0,0,71
545.34,354.83,592.69,375,5,1,56
543.86,304.6,491.55,91,6,1,48
709.5,468.12,725.09,137,6,1,41
288.65,224.3,330.55,368,3,0,94
113.51,79.77,106.4,142,5,1,111
81.37,58.62,88.55,409,4,0,124
687.16,422.09,685.2,148,5,1,23
531.71,286.13,458.31,255,3,0,30
583.85,398.86,629.92,300,2,0,42
188.47,155.49,169.73,121,3,0,87
352.88,205.29,366.79,212,1,0,82
114.75,63.55,100.49,179,3,0,108
1043.96,482.67,1183.91,96,6,1,12
627.28,350.54,588.09,128,4,0,22
785.35,469.94,720.91,107,3,0,0
300.54,169.47,267.11,249,3,0,89
691.91,325.16,784.48,346,4,0,31
720.73,355.32,766.55,147,3,0,34
293.78,192.9,315.08,91,6,1,100
620.39,431.65,620.28,245,4,0,8
696.54,476.22,691.26,145,6,1,45
763.9,448.18,674.52,291,6,1,26
743.75,382.58,757.11,12,6,1,35
297.82,174.86,275.21,68,1,0,55
224.05,176.73,256.13,125,4,0,85
930.07,483.51,1012.83,481,1,0,0
109.58,54.63,106.72,140,1,0,98
554.42,372.22,496.43,431,4,0,57
685.65,367.81,744.34,395,3,0,31
537.12,330.21,476.22,492,5,1,58
1035.26,495.55,938.77,410,2,0,0
389.3,190.35,355.61,210,5,1,83
350.24,202.99,356.22,301,6,1,56
161.77,85.52,175.7,351,4,0,98
519.29,249.26,490.37,488,3,0,35
283.98,167.47,248.6,107,1,0,80
309.5,204.52,306.2,225,0,0,75
831.4,425.56,893.28,133,2,0,4
668.81,470.97,612.96,82,5,1,10
212.2,133.58,194.37,375,3,0,91
449.56,217.63,509.88,387,6,1,92
900.41,467.88,1023.08,500,2,0,21
124.8,77.81,143.16,139,6,1,128
129.54,91.56,141.49,478,0,0,98
191.78,123.26,173.84,427,0,0,111
471.72,317.85,430.96,36,0,0,53
161.98,117.71,154.22,174,5,1,112
943.75,485.63,892.26,464,6,1,0
364.5,251.02,414.42,415,4,0,88
456.03,275.68,495.57,77,2,0,51
255.32,161.0,272.48,23,4,0,87
571.56,261.93,517.71,107,6,1,47
553.48,347.86,621.48,288,0,0,65
496.67,388.03,545.52,437,3,0,58
502.05,389.24,451.39,499,0,0,49
555.22,310.05,617.05,482,4,0,68
822.24,456.96,766.06,458,0,0,0
676.37,417.83,591.33,380,6,1,41
637.52,390.67,667.51,256,0,0,31
94.07,75.02,98.41,121,4,0,99
91.14,53.1,80.06,216,4,0,110
248.21,145.6,234.72,361,6,1,111
470.43,348.59,539.98,343,3,0,77
306.45,235.04,322.86,242,4,0,95
305.85,231.08,326.97,70,6,1,90
582.94,448.06,532.74,94,3,0,20
819.8,453.0,716.21,192,1,0,0
641.17,459.13,598.25,248,6,1,28
277.58,191.25,256.67,259,1,0,79
495.83,360.98,456.34,80,4,0,40
371.65,172.23,337.4,237,0,0,73
278.96,135.77,285.22,94,2,0,59
190.38,133.08,180.56,315,0,0,89
311.54,203.95,341.49,497,4,0,79
343.28,243.48,310.73,405,3,0,85
717.23,423.93,709.62,472,6,1,25
126.78,103.95,108.28,280,0,0,107
712.46,380.72,708.55,410,1,0,20
498.26,289.15,431.87,299,5,1,70
376.86,179.58,430.87,245,4,0,80
370.8,271.77,403.12,300,0,0,75
370.71,184.97,369.61,48,5,1,75
633.92,318.24,555.29,495,0,0,8
325.46,245.23,334.49,215,3,0,79
198.19,123.98,213.58,192,3,0,101
140.39,102.46,127.36,196,3,0,86
430.62,296.01,439.43,142,5,1,62
667.37,456.09,730.27,39,2,0,29
359.64,204.78,388.59,397,5,1,95
612.09,379.85,667.73,264,4,0,29
743.97,346.4,828.63,152,4,0,14
622.33,469.2,704.05,112,1,0,19
911.74,419.44,885.89,428,1,0,3
436.31,304.97,445.31,83,4,0,44
681.95,345.66,741.42,64,0,0,30
699.11,454.27,740.46,459,4,0,28
308.62,229.78,354.5,245,6,1,111
405.52,197.06,346.36,69,2,0,47
82.78,54.86,79.19,33,1,0,108
784.34,421.95,732.82,485,1,0,0
725.02,410.44,673.32,31,6,1,2
162.17,97.0,148.67,437,6,1,124
525.0,309.59,557.94,41,5,1,43
500.05,258.79,437.76,360,6,1,59
133.18,103.42,142.83,348,1,0,118
917.75,491.26,971.01,444,4,0,4
307.27,146.61,284.3,478,1,0,75
100.94,80.26,93.46,12,6,1,103
425.9,317.68,442.37,79,6,1,79
733.09,382.49,790.75,169,6,1,48
105.77,64.6,117.71,395,1,0,107
555.51,346.42,614.19,97,6,1,51
387.09,289.53,441.08,374,5,1,85
164.65,96.47,168.67,68,4,0,103
169.31,127.64,190.07,261,0,0,114
512.36,305.59,559.78,228,6,1,55
360.05,183.36,402.68,210,1,0,59
688.65,472.24,587.76,86,1,0,32
703.3,418.43,801.6,264,6,1,43
1079.8,492.61,1071.22,256,1,0,0
314.79,166.85,342.95,279,6,1,89
992.87,486.38,881.83,316,2,0,0
394.11,244.06,381.81,148,4,0,72
406.13,206.38,378.29,87,6,1,76
90.13,72.66,84.5,89,1,0,125
97.56,73.74,86.53,19,2,0,101
507.08,361.41,553.59,477,0,0,56
410.21,256.07,349.81,345,0,0,62
310.82,151.93,293.34,133,5,1,94
504.53,326.29,455.25,195,6,1,61
303.76,163.79,311.88,43,5,1,78
591.76,309.93,548.13,130,5,1,48
378.03,211.64,350.7,89,2,0,59
654.97,420.6,652.68,215,0,0,20
745.14,419.31,779.27,62,5,1,28
408.4,264.81,362.01,165,3,0,48
266.88,207.87,240.9,283,5,1,87
467.4,213.15,431.95,419,0,0,29
547.56,412.57,625.38,367,3,0,70
251.52,197.68,243.76,144,2,0,90
299.47,144.08,308.36,438,6,1,99
132.33,88.11,122.07,107,6,1,110
481.1,260.01,479.72,250,3,0,24
408.18,266.96,356.03,54,0,0,47
681.79,428.41,586.63,208,1,0,20
218.67,149.56,216.62,490,3,0,106
341.7,221.45,331.31,300,0,0,80
666.48,413.78,593.88,445,5,1,38
807.79,420.63,853.25,123,1,0,19
381.8,223.07,438.26,496,2,0,75
550.05,256.61,532.83,286,6,1,67
231.58,186.48,240.24,250,2,0,87
799.85,469.65,910.94,165,4,0,6
184.47,103.39,202.82,361,2,0,91
996.89,470.19,985.99,53,4,0,0
446.87,357.74,478.71,89,2,0,65
512.91,289.21,455.69,321,2,0,36
132.86,64.7,133.35,147,2,0,93
380.7,264.02,355.46,160,4,0,71
484.79,233.49,435.51,441,5,1,69
149.39,122.55,146.09,445,4,0,116
667.44,345.38,593.56,251,3,0,23
1038.86,487.02,1100.88,152,0,0,0
562.7,302.98,555.32,320,0,0,42
609.13,371.64,614.82,308,5,1,52
100.59,80.8,89.92,59,0,0,96
504.48,237.95,449.96,271,2,0,33
170.97,102.36,175.25,170,5,1,106
400.36,325.76,458.61,71,0,0,88
892.59,472.32,784.48,64,4,0,0
584.94,347.8,547.34,432,3,0,49
111.99,84.56,124.4,405,1,0,108
296.43,209.6,258.39,381,3,0,88
376.56,297.8,419.03,493,0,0,87
410.65,231.44,413.64,40,5,1,84
774.62,425.14,753.3,339,6,1,27
710.62,416.6,670.04,446,0,0,32
656.21,325.32,616.27,299,4,0,27
449.42,218.06,423.23,178,3,0,71
299.4,164.9,333.96,275,6,1,83
118.42,97.64,126.37,317,4,0,113
397.44,209.7,417.67,468,4,0,75
381.73,235.93,415.94,194,1,0,61
625.22,354.12,579.66,343,4,0,34
640.1,346.17,662.77,12,6,1,27
126.42,81.55,124.91,450,4,0,103
482.42,227.87,523.29,170,1,0,35
175.82,131.8,165.76,400,2,0,116
225.64,120.57,235.33,269,6,1,105
508.58,422.29,566.9,432,2,0,80
146.31,68.86,142.01,57,6,1,122
313.21,238.63,272.48,263,5,1,94
162.76,125.69,163.54,83,1,0,91
683.26,445.7,651.69,344,5,1,26
473.12,300.67,497.57,409,5,1,80
217.97,154.12,247.47,175,4,0,93
492.86,276.09,490.73,269,5,1,53
622.94,379.17,616.62,13,0,0,11
593.83,481.15,621.37,385,6,1,47
226.73,149.2,199.76,128,3,0,104
902.25,448.78,835.53,493,0,0,10
888.99,470.44,1000.73,420,0,0,8
890.04,462.39,935.42,479,4,0,2
637.65,335.94,544.57,479,3,0,21
503.79,333.42,459.15,282,5,1,51
300.8,231.44,317.3,235,3,0,95
572.17,388.58,617.55,361,5,1,80
587.35,289.08,647.24,79,2,0,31
773.73,354.85,725.49,191,1,0,2
411.28,242.81,464.46,362,4,0,66
458.69,379.17,465.97,273,5,1,68
564.18,421.01,597.44,379,5,1,73
176.4,115.9,181.52,190,3,0,85
755.58,424.82,670.06,493,4,0,13
373.77,293.13,425.7,14,6,1,92
921.86,430.1,817.56,206,5,1,0
382.01,244.09,353.92,56,2,0,70
465.97,220.57,509.81,467,0,0,65
914.56,461.78,947.1,49,5,1,14
318.79,163.03,351.13,131,3,0,63
776.7,429.9,780.37,144,6,1,18
489.23,267.81,471.18,149,2,0,47
517.11,281.34,582.55,359,4,0,29
345.28,188.81,297.25,162,5,1,71
539.92,307.87,597.6,37,2,0,37
429.29,196.35,394.62,436,2,0,70
130.76,67.67,144.44,86,6,1,111
340.82,172.4,303.93,184,2,0,61
109.57,52.87,112.21,58,2,0,113
694.03,490.26,774.84,351,6,1,30
622.11,484.59,617.18,319,6,1,27
383.4,227.82,411.76,283,6,1,82
647.52,377.77,706.71,36,2,0,15
417.23,205.61,446.83,337,2,0,53
578.6,351.99,652.43,399,1,0,54
730.38,412.44,718.73,468,4,0,27
822.16,476.04,741.53,230,0,0,1
284.9,230.1,246.26,131,4,0,87
730.6,402.48,675.02,370,3,0,25
344.09,169.67,307.26,78,3,0,45
672.84,495.65,684.54,80,6,1,41
110.52,61.6,100.08,159,4,0,100
576.8,321.59,497.02,196,2,0,22
473.07,346.78,407.22,440,1,0,57
475.94,359.62,523.29,382,0,0,44
227.11,104.17,233.34,255,5,1,89
752.77,472.34,720.73,205,5,1,29
187.75,131.53,209.96,41,2,0,100
452.86,330.24,394.47,476,4,0,57
280.52,150.2,320.94,118,5,1,91
340.62,188.25,352.51,362,4,0,85
545.52,295.91,493.72,10,1,0,40
306.21,237.74,322.66,191,1,0,80
255.62,122.1,275.82,183,6,1,91
201.71,126.92,197.44,178,4,0,89
360.43,238.17,399.54,257,6,1,98
649.61,390.78,581.55,117,2,0,31
722.02,454.08,674.12,379,6,1,26
181.3,87.86,159.19,306,2,0,94
483.12,226.9,441.22,273,2,0,47
142.99,95.11,131.79,425,5,1,124
118.61,57.47,133.47,39,0,0,99
689.12,347.77,601.9,311,0,0,0
684.21,321.1,669.31,485,2,0,38
178.35,123.36,180.08,370,4,0,119
275.81,155.22,308.8,445,1,0,85
89.46,60.67,102.82,361,6,1,119
861.71,425.73,927.21,482,3,0,6
588.93,488.61,672.11,491,1,0,48
195.82,110.96,212.68,326,1,0,109
237.29,154.16,270.26,234,3,0,93
671.18,440.78,712.91,406,2,0,24
861.4,466.91,752.8,98,1,0,0
489.96,238.83,475.54,243,3,0,59
131.67,72.78,137.46,177,6,1,125
139.05,67.73,132.83,240,5,1,129
451.5,308.28,420.81,135,4,0,42
389.99,226.8,399.04,70,4,0,82
103.81,62.89,117.31,129,4,0,91
378.59,312.46,325.78,437,2,0,74
96.78,55.09,104.59,199,1,0,91
752.65,404.32,802.94,130,1,0,7
336.69,187.89,383.55,437,0,0,99
131.89,68.12,148.93,57,4,0,111
557.54,314.76,601.41,211,2,0,40
290.03,228.96,291.81,68,3,0,73
642.7,488.21,585.68,194,2,0,23
529.76,294.89,536.95,232,1,0,51
256.44,173.86,276.85,20,6,1,111
472.51,369.25,528.59,290,6,1,71
280.57,172.17,304.96,198,6,1,83
801.57,456.91,728.29,311,4,0,0
334.22,218.62,344.22,319,0,0,73
571.22,297.44,542.46,246,5,1,38
134.15,72.76,114.4,43,2,0,102
370.57,241.75,337.24,349,0,0,66
829.97,424.56,733.66,144,6,1,7
762.66,412.54,841.08,490,1,0,14
277.35,150.94,257.26,71,3,0,83
266.06,151.74,248.87,322,2,0,72
506.1,417.79,575.94,236,5,1,63
888.85,468.68,856.61,102,1,0,0
146.43,92.91,124.89,125,4,0,116
541.07,252.53,505.98,341,2,0,50
407.34,201.85,360.82,142,0,0,68
789.82,441.81,695.71,341,6,1,28
127.19,87.59,111.07,486,2,0,145
203.55,145.01,209.24,428,1,0,99
598.61,388.61,542.82,477,1,0,48
122.53,73.08,117.43,302,6,1,132
406.39,271.64,450.53,453,0,0,82
426.93,248.95,417.24,202,5,1,92
273.73,200.48,307.87,409,1,0,86
495.55,227.56,495.25,39,2,0,41
377.3,288.47,365.85,466,6,1,90
261.41,122.62,281.05,307,5,1,102
649.71,307.4,566.52,70,0,0,19
711.62,412.44,623.98,467,1,0,29
754.7,392.07,789.11,470,6,1,30
195.11,119.25,194.34,313,1,0,94
214.41,117.16,233.09,455,2,0,101
262.94,170.68,295.78,349,1,0,89
318.97,212.48,308.29,358,6,1,74
415.76,233.81,427.78,457,2,0,62
604.3,355.86,604.43,450,4,0,45
134.37,75.51,153.78,333,6,1,138
97.53,65.6,107.22,311,5,1,116
354.7,226.36,398.51,378,2,0,67
466.98,363.72,432.57,37,3,0,48
171.62,137.05,185.65,494,1,0,85
492.25,338.68,457.62,86,4,0,40
212.7,166.92,194.12,130,5,1,86
585.05,448.74,663.03,12,0,0,54
911.98,453.06,780.46,46,3,0,0
227.68,183.78,259.47,441,0,0,114
285.34,153.5,255.32,156,6,1,103
346.18,235.09,379.35,101,3,0,67
327.8,158.24,305.76,348,4,0,65
594.08,352.57,567.47,282,5,1,47
634.95,421.73,580.99,475,4,0,28
606.14,352.89,621.69,475,4,0,44
665.94,420.96,635.59,386,3,0,17
403.4,228.65,422.45,96,2,0,71
158.19,120.34,135.21,49,5,1,113
839.42,382.08,729.72,187,0,0,0
344.96,212.21,303.53,338,2,0,64
545.09,352.07,531.84,294,2,0,41
328.15,171.79,359.15,444,1,0,75
135.36,86.55,151.12,51,6,1,118
1009.85,496.66,932.54,294,0,0,0
198.99,120.29,203.43,75,3,0,95
949.78,494.79,1026.24,133,6,1,21
640.36,489.78,599.79,154,1,0,22
833.22,407.22,810.47,129,1,0,5
671.19,346.74,676.02,118,6,1,39
437.65,310.01,389.71,424,4,0,56
591.58,439.75,507.46,101,3,0,24
273.31,180.25,244.84,500,2,0,86
566.77,260.46,588.34,377,5,1,62
478.9,328.73,417.64,317,2,0,39
389.25,235.04,353.01,432,2,0,52
298.12,242.37,283.62,69,4,0,82
317.25,198.63,277.08,359,2,0,85
538.31,303.9,488.52,236,0,0,46
931.78,432.76,1046.75,249,2,0,0
241.52,140.69,206.69,444,2,0,97
949.98,470.49,993.71,221,0,0,0
629.12,360.09,607.31,409,4,0,40
521.72,420.47,548.74,107,1,0,38
454.94,300.29,467.04,23,3,0,42
711.61,400.78,652.58,227,4,0,8
123.21,57.29,136.04,477,2,0,112
861.27,418.27,859.19,179,1,0,0
97.22,68.06,106.62,316,3,0,94
639.7,450.46,621.67,289,3,0,45
695.52,496.38,796.65,372,3,0,30
387.0,182.33,418.4,219,0,0,71
296.9,144.64,338.41,265,0,0,97
778.92,394.41,782.27,180,1,0,0
260.99,163.86,258.93,82,2,0,77
749.08,439.5,806.49,156,6,1,28
160.24,96.28,178.52,349,1,0,101
155.05,106.68,176.64,326,2,0,104
836.52,490.62,792.49,115,4,0,7
434.65,353.23,473.59,103,6,1,82
574.14,431.1,524.3,72,3,0,40
408.86,195.95,414.45,163,3,0,63
691.71,354.42,625.27,264,0,0,1
515.11,317.41,491.53,360,6,1,42
551.92,321.42,623.35,44,4,0,30
560.71,357.14,501.18,332,5,1,55
599.53,308.91,623.34,321,4,0,39
482.31,243.08,495.76,305,2,0,53
341.94,174.17,303.03,262,4,0,66
761.09,395.86,721.35,166,6,1,40
213.24,151.82,217.26,143,6,1,98
556.07,361.56,503.88,445,0,0,50
258.83,155.0,282.17,138,2,0,86
507.3,331.4,579.16,445,1,0,59
754.97,386.19,690.36,289,2,0,18
226.99,148.42,205.67,367,1,0,106
103.01,76.97,101.62,427,5,1,126
174.2,108.94,187.14,380,2,0,111
703.46,322.7,657.37,261,3,0,19
616.34,432.25,527.56,144,5,1,37
127.3,70.25,128.88,340,1,0,110
621.13,380.37,706.21,20,0,0,29
258.77,203.59,250.33,301,5,1,98
447.86,265.34,437.13,157,5,1,64
890.19,467.99,1015.41,328,5,1,30
341.59,199.39,361.54,89,1,0,72
537.51,259.4,572.85,200,1,0,34
83.61,56.16,85.19,462,2,0,110
111.54,86.72,127.42,353,3,0,80
355.45,166.37,375.59,39,5,1,80
98.69,62.53,110.39,423,2,0,115
593.53,334.12,629.03,368,2,0,41
481.82,241.88,515.81,377,3,0,78
452.21,296.67,423.78,238,2,0,60
246.4,128.59,231.87,490,3,0,97
244.61,183.17,265.37,93,0,0,71
520.05,348.72,488.33,159,3,0,38
651.36,484.39,663.63,370,4,0,26
146.19,72.69,135.2,198,3,0,93
641.15,450.67,702.12,30,3,0,23
593.62,309.6,524.26,46,6,1,22
651.06,303.76,715.4,255,4,0,21
475.35,275.13,490.0,292,3,0,65
141.34,81.23,128.06,111,1,0,98
150.23,90.44,152.13,428,6,1,116
488.91,320.41,457.01,303,2,0,49
340.88,203.43,322.83,241,2,0,84
834.29,462.77,797.13,325,0,0,0
509.26,232.97,442.55,335,0,0,49
244.72,114.48,280.4,297,4,0,84
766.34,371.62,658.64,345,1,0,0
380.24,182.01,398.78,485,0,0,78
477.77,286.46,459.32,473,2,0,75
676.16,364.02,705.77,420,0,0,44
953.5,455.12,912.38,254,0,0,0
647.51,406.49,681.26,396,3,0,36
766.05,354.36,818.73,186,0,0,28
574.95,355.83,607.82,222,4,0,49
856.71,475.67,757.5,367,2,0,0
349.73,183.12,366.19,111,4,0,61
108.61,50.5,101.44,295,6,1,127
249.02,172.38,213.82,31,4,0,62
288.13,148.05,280.77,28,5,1,83
598.54,347.83,586.61,296,1,0,28
492.22,335.17,487.37,285,6,1,64
626.7,317.06,665.21,156,6,1,45
100.42,57.31,94.66,395,5,1,124
703.36,377.95,664.38,49,5,1,35
297.86,195.59,258.59,176,3,0,72
587.23,349.28,620.14,100,4,0,33
546.04,300.46,557.15,81,1,0,27
327.77,204.23,312.96,374,2,0,87
154.6,110.56,164.12,447,2,0,100
199.93,92.49,202.17,292,1,0,85
725.98,424.18,719.28,344,6,1,34
895.94,463.28,898.99,149,4,0,0
551.63,342.4,574.19,248,4,0,39
150.14,96.55,157.35,87,3,0,103
371.11,230.91,347.62,208,3,0,63
608.31,378.02,542.75,26,5,1,61
699.28,400.92,627.24,227,2,0,12
179.92,103.2,187.45,238,3,0,105
84.88,50.01,94.38,349,1,0,96
494.49,370.46,481.06,147,2,0,39
356.97,210.47,321.58,156,6,1,70
225.24,164.52,242.58,219,6,1,98
74.0,55.8,81.39,167,4,0,117
625.15,293.13,696.53,423,2,0,52
781.58,433.02,806.62,162,0,0,12
894.29,480.93,991.07,353,2,0,0
487.88,304.59,416.96,339,3,0,40
593.69,281.51,523.74,392,1,0,43
162.24,88.28,142.41,459,4,0,124
584.83,296.99,622.13,367,4,0,45
346.64,220.99,301.88,361,3,0,80
698.14,323.21,697.38,172,3,0,22
454.46,224.93,450.73,316,3,0,65
324.8,158.13,306.36,110,0,0,60
127.25,92.73,141.39,336,1,0,104
282.0,191.71,254.12,336,0,0,86
138.89,93.49,132.74,164,3,0,114
190.64,129.6,206.32,19,1,0,85
1015.99,494.3,872.86,362,6,1,0
307.78,249.85,323.75,436,6,1,94
369.23,289.34,404.28,192,3,0,82
653.13,443.13,737.83,464,1,0,24
697.15,498.01,775.85,143,4,0,14
447.06,312.22,422.83,15,0,0,52
830.37,415.61,851.89,342,5,1,18
347.55,197.12,303.48,441,3,0,78
226.18,187.58,209.75,342,3,0,79
376.73,231.22,330.87,267,2,0,61
566.99,352.63,535.55,220,5,1,63
469.06,356.99,521.86,60,4,0,44
359.95,191.86,343.45,454,3,0,88
209.13,109.94,213.01,156,0,0,81
642.69,334.58,629.84,386,4,0,39
207.79,107.75,205.23,137,3,0,88
372.4,310.32,424.86,495,0,0,68
779.81,362.04,732.12,267,2,0,0
735.74,365.28,763.84,60,2,0,19
818.58,389.06,798.95,163,6,1,13
538.27,442.79,467.4,79,0,0,45
586.77,274.98,584.89,285,4,0,52
760.93,378.61,832.46,288,0,0,7
669.49,328.63,588.9,319,5,1,20
173.28,133.99,150.91,408,0,0,87
119.35,61.56,106.95,143,2,0,95
384.56,178.04,415.06,229,2,0,81
468.44,249.37,499.92,172,2,0,62
580.21,327.7,591.53,468,5,1,53
927.95,432.48,919.1,145,3,0,0
227.24,138.31,253.71,66,6,1,119
191.62,106.5,206.95,443,5,1,136
810.62,483.57,886.48,186,3,0,12
210.34,98.62,230.11,124,5,1,81
338.57,265.32,353.07,481,1,0,83
533.31,313.5,526.59,158,3,0,52
554.04,293.62,614.66,250,4,0,50
176.71,88.71,199.29,132,4,0,106
134.91,75.66,115.63,301,6,1,122
205.55,97.47,177.9,336,2,0,81
671.55,313.51,763.97,78,5,1,36
372.92,294.96,347.99,323,0,0,65
248.66,155.18,276.51,72,2,0,98
412.3,337.0,398.55,230,6,1,69
640.87,419.03,567.64,25,0,0,22
119.34,68.71,104.32,399,5,1,127
578.69,274.16,519.06,87,2,0,45
737.15,360.19,681.84,131,2,0,6
217.1,163.54,216.35,445,4,0,79
243.73,188.5,258.47,267,0,0,97
583.55,326.14,668.7,226,1,0,67
786.5,454.07,772.7,488,1,0,18
607.76,414.47,611.08,123,2,0,24
655.89,312.41,660.18,379,5,1,34
805.42,378.6,814.95,470,2,0,0
343.23,214.17,345.06,389,6,1,112
707.43,338.43,603.18,155,4,0,3
411.48,259.78,349.97,474,6,1,70
262.38,135.47,230.71,246,0,0,81
613.03,365.78,539.75,485,6,1,42
397.32,300.41,421.74,469,2,0,88
449.8,211.38,409.98,428,6,1,62
761.05,460.1,851.17,95,5,1,44
114.95,59.42,129.73,176,1,0,109
301.05,192.1,344.03,138,0,0,94
92.14,75.6,104.28,174,2,0,127
513.63,394.94,478.48,286,0,0,46
620.73,365.95,622.55,266,4,0,29
376.31,199.11,339.67,141,6,1,78
543.37,354.05,593.29,489,1,0,52
432.5,228.17,482.9,67,5,1,60
741.06,390.31,819.16,266,0,0,37
484.33,254.38,474.65,150,1,0,52
398.63,235.53,429.57,183,6,1,70
995.33,470.63,875.16,184,2,0,0
275.16,162.9,237.21,218,5,1,71
171.96,104.2,185.02,213,5,1,122
438.07,313.04,428.26,16,3,0,47
733.01,486.19,841.99,60,0,0,18
273.35,220.03,240.32,268,1,0,86
142.86,77.92,158.1,187,0,0,99
293.6,202.69,291.84,419,2,0,90
417.66,277.67,458.65,40,2,0,63
242.14,122.87,265.18,365,6,1,107
528.64,346.15,594.61,327,5,1,53
719.64,498.99,675.99,163,5,1,18
346.76,253.28,393.55,460,1,0,88
413.99,209.63,370.72,373,4,0,54
306.25,230.32,267.85,64,0,0,84
168.38,101.82,164.92,165,0,0,121
763.81,447.47,839.04,53,2,0,21
446.69,236.67,443.13,90,0,0,69
411.16,224.27,451.77,175,1,0,73
697.44,346.86,745.5,39,3,0,16
309.84,248.92,282.83,331,5,1,94
511.34,341.71,580.2,145,2,0,73
114.93,77.65,99.79,23,5,1,111
560.18,416.18,627.11,366,5,1,55
704.72,473.23,663.38,492,5,1,24
516.26,341.94,516.28,115,3,0,43
825.74,479.55,806.5,368,0,0,0
220.19,118.14,198.51,327,4,0,108
418.73,264.84,400.91,84,5,1,74
615.79,320.81,559.06,456,1,0,41
478.95,311.78,436.4,88,5,1,58
343.75,230.66,311.47,203,5,1,73
351.96,202.14,350.8,494,0,0,64
131.02,107.07,142.74,372,6,1,115
289.6,226.28,295.59,105,1,0,83
199.33,123.2,222.84,49,0,0,99
815.3,380.46,848.7,265,5,1,27
276.65,143.97,292.36,406,6,1,88
98.35,76.35,103.3,116,0,0,108
610.96,298.56,601.69,26,0,0,18
614.19,317.85,649.08,24,2,0,36
801.09,442.36,697.68,426,3,0,3
625.57,309.64,693.1,281,6,1,42
329.59,205.47,357.06,22,4,0,83
584.74,411.36,540.05,256,6,1,71
501.84,293.13,542.19,223,3,0,62
149.83,85.68,127.93,160,3,0,97
529.55,304.63,484.63,301,1,0,39
809.48,458.61,703.87,52,2,0,0
490.64,228.34,531.88,443,2,0,52
385.44,183.35,415.03,123,0,0,70
237.8,114.56,260.17,339,3,0,82
236.47,118.15,201.32,90,6,1,79
524.6,244.75,524.79,359,4,0,51
412.99,318.06,438.37,150,1,0,64
126.41,86.28,113.34,39,6,1,110
801.43,472.81,837.45,450,2,0,0
797.76,389.81,698.23,39,0,0,0
535.39,313.98,484.2,464,4,0,34
823.62,422.8,817.64,275,3,0,0
115.26,86.08,120.57,108,6,1,138
384.28,264.58,343.45,459,4,0,74
644.33,333.54,583.48,103,2,0,6
577.14,422.89,525.97,220,1,0,20
624.52,402.56,575.56,304,6,1,44
255.88,174.68,234.89,46,3,0,67
733.7,473.4,710.62,396,1,0,0
202.2,105.96,211.53,98,5,1,113
695.83,443.81,682.89,427,4,0,26
854.68,486.92,925.44,264,4,0,9
168.63,129.72,179.72,223,0,0,103
751.74,374.93,667.51,431,3,0,7
106.95,68.13,92.48,23,4,0,96
429.67,232.44,478.39,201,2,0,70
543.59,282.33,475.07,304,5,1,68
438.81,311.29,392.52,191,2,0,48
982.24,471.17,841.43,139,1,0,0
640.24,352.51,664.89,233,5,1,35
434.18,266.58,444.91,52,5,1,63
572.78,414.35,656.44,190,2,0,48
1023.46,477.74,1142.27,396,4,0,0
117.17,59.93,114.03,178,2,0,110
692.94,492.13,666.24,273,3,0,25
136.49,88.76,128.17,483,1,0,90
836.98,416.47,749.7,105,6,1,0
333.92,176.15,297.67,212,5,1,86
215.22,109.48,191.47,456,3,0,93
406.91,247.94,359.8,330,4,0,66
651.18,339.78,600.49,344,4,0,23
351.29,221.43,330.92,397,2,0,86
105.22,74.55,119.79,77,0,0,104
586.01,319.76,599.81,101,5,1,41
992.44,456.08,1137.61,275,5,1,0
336.03,222.45,323.17,340,0,0,82
244.74,147.35,241.63,187,4,0,87
466.93,249.16,442.35,160,4,0,57
124.98,71.76,113.09,326,6,1,128
856.64,419.22,764.94,56,6,1,0
827.57,421.85,938.07,12,5,1,11
395.86,314.6,453.67,496,6,1,81
459.24,208.9,396.54,112,6,1,54
800.29,409.9,716.35,282,1,0,0
618.36,299.61,604.18,31,5,1,51
780.59,421.67,707.14,125,4,0,10
687.12,334.16,659.06,356,4,0,18
528.87,402.98,470.02,409,6,1,55
494.28,319.35,487.83,473,1,0,48
490.79,236.36,457.18,113,6,1,61
674.3,481.08,644.34,268,6,1,38
375.17,293.5,329.51,317,3,0,74
640.75,322.29,626.94,376,3,0,38
303.73,149.22,347.77,426,1,0,64
451.78,331.54,428.58,307,1,0,55
631.14,307.22,702.42,139,3,0,49
251.27,133.18,277.15,304,3,0,87
132.13,76.81,150.05,311,3,0,120
653.66,321.96,710.55,57,3,0,26
637.44,393.66,667.96,36,5,1,45
398.03,285.53,440.61,24,5,1,69
225.77,152.05,197.03,272,6,1,93
596.7,349.93,590.04,374,2,0,45
148.98,86.05,170.84,450,6,1,133
499.04,248.83,539.4,307,1,0,56
245.96,123.52,280.06,274,0,0,80
236.93,133.01,256.81,370,2,0,94
279.35,141.03,310.77,143,0,0,97
311.78,224.02,331.1,450,0,0,102
91.28,73.02,98.41,85,4,0,106
474.88,229.01,478.18,39,1,0,33
357.5,280.27,403.0,448,5,1,103
386.96,267.48,424.7,349,2,0,70
421.24,222.25,464.7,135,6,1,88
688.23,427.62,723.95,93,1,0,25
239.6,115.4,225.55,63,3,0,75
415.78,277.56,357.86,375,1,0,60
94.43,77.92,106.77,292,0,0,126
123.08,82.02,126.26,349,5,1,122
548.07,308.24,514.88,452,3,0,33
480.2,304.71,429.66,272,1,0,32
772.22,445.12,848.56,433,1,0,13
625.15,301.04,688.26,369,5,1,51
1018.02,481.91,1114.07,231,0,0,0
105.42,71.91,110.01,337,6,1,115
156.41,94.1,150.13,11,3,0,112
122.14,69.83,114.96,407,0,0,96
286.64,133.37,244.38,403,5,1,119
645.45,293.57,710.05,315,1,0,53
488.77,340.51,428.27,155,6,1,60
135.88,70.51,141.21,27,2,0,84
750.65,475.69,751.57,25,2,0,7
518.25,428.97,522.4,317,4,0,45
221.87,183.48,250.27,462,2,0,86
140.71,84.73,120.94,445,5,1,124
213.49,126.45,231.0,168,5,1,100
130.97,107.12,113.37,494,5,1,116
199.03,105.48,171.45,349,3,0,92
423.33,283.35,414.42,416,4,0,58
282.69,160.63,245.64,361,3,0,102
316.94,211.16,344.43,307,6,1,91
677.11,495.28,683.12,218,2,0,28
575.27,357.94,493.99,455,6,1,51
683.25,477.04,589.07,214,2,0,16
198.03,114.15,204.72,122,1,0,98
310.49,221.96,339.0,187,3,0,89
511.89,299.63,502.34,470,0,0,54
114.75,84.54,116.63,218,6,1,125
97.07,51.88,105.81,133,1,0,110
687.19,351.7,709.97,24,3,0,18
443.99,338.82,407.33,355,5,1,63
391.69,234.85,404.98,437,4,0,71
343.57,270.34,356.79,485,6,1,97
426.08,236.95,456.0,307,3,0,69
89.04,60.8,92.27,54,4,0,110
347.11,200.92,395.97,103,6,1,88
222.73,129.69,202.51,116,4,0,86
200.31,94.29,227.41,428,6,1,111
840.48,480.52,850.14,287,2,0,4
570.05,319.71,599.45,137,0,0,38
605.26,377.9,532.53,467,6,1,48
412.44,191.91,397.66,468,3,0,76
448.66,226.92,484.91,47,0,0,50
232.64,156.62,247.08,106,4,0,95
191.41,93.63,165.0,207,2,0,93
213.13,130.56,216.11,201,6,1,128
829.48,408.88,727.03,366,0,0,0
717.91,354.9,824.71,16,1,0,30
411.27,296.12,460.29,53,4,0,64
501.5,263.79,429.45,341,1,0,31
693.29,465.1,767.89,16,5,1,34
123.89,82.73,139.48,203,0,0,116
263.76,176.27,252.17,325,0,0,81
399.5,207.47,425.81,10,0,0,41
574.92,402.09,564.94,71,5,1,49
596.41,496.63,624.18,352,3,0,29
303.19,158.3,288.66,98,4,0,76
608.04,443.44,575.67,27,4,0,42
552.81,423.78,540.28,117,6,1,61
217.2,151.1,194.11,144,6,1,118
362.9,229.7,398.95,380,6,1,86
392.75,234.35,374.93,319,4,0,64
610.09,490.2,591.81,76,3,0,18
285.22,131.4,318.93,102,0,0,76
784.86,409.62,784.06,147,0,0,0
305.23,200.39,309.28,198,5,1,81
575.42,378.89,654.23,68,1,0,57
394.01,239.0,439.72,196,3,0,48
566.61,310.26,510.43,244,2,0,48
571.77,424.68,567.18,78,3,0,48
572.06,411.87,652.95,456,5,1,71
905.93,439.89,871.24,107,1,0,0
111.88,76.83,107.57,17,1,0,87
571.12,361.42,518.87,471,6,1,48
234.04,112.99,206.96,497,6,1,113
441.79,237.12,473.64,320,1,0,63
457.68,296.86,494.76,143,0,0,47
435.57,231.23,496.86,394,2,0,80
346.18,283.83,374.57,65,1,0,89
964.8,498.44,890.51,490,4,0,0
187.0,110.85,161.2,369,0,0,98
712.58,353.96,816.35,468,2,0,18
491.69,228.2,468.15,123,4,0,42
233.53,109.85,220.35,97,2,0,91
256.13,121.43,287.32,147,5,1,106
817.0,477.17,837.86,117,2,0,0
695.54,445.82,636.05,32,4,0,8
762.87,458.17,851.92,153,3,0,13
937.75,496.19,1076.54,366,2,0,0
299.56,143.74,262.41,153,3,0,79
295.39,209.95,327.5,65,2,0,61
743.8,351.15,719.37,117,5,1,23
539.49,267.71,543.38,360,4,0,50
519.17,238.28,583.78,15,2,0,43
438.96,211.02,501.3,39,1,0,56
469.44,317.2,435.94,456,5,1,66
403.56,309.02,368.8,494,1,0,61
160.95,122.66,140.7,394,5,1,117
391.12,262.28,398.37,316,5,1,85
542.55,299.06,463.39,371,6,1,32
614.58,306.63,598.34,354,2,0,40
303.44,144.55,264.61,136,4,0,70
700.36,384.02,680.45,311,6,1,54
73.95,61.34,63.75,130,4,0,99
290.68,209.67,319.91,414,0,0,79
521.31,401.1,475.92,108,4,0,37
474.86,303.75,450.4,175,3,0,54
285.02,167.52,316.66,334,2,0,68
451.02,362.73,484.34,328,1,0,54
472.79,305.33,432.94,250,4,0,56
563.13,408.31,490.81,59,1,0,20
703.29,380.76,748.8,277,0,0,38
540.14,324.55,522.43,334,2,0,39
457.19,269.68,493.69,82,4,0,48
178.94,109.93,176.0,309,6,1,120
361.35,167.6,344.65,61,1,0,81
337.55,238.59,332.61,274,6,1,94
548.79,319.68,589.71,236,5,1,74
544.35,281.17,610.03,202,6,1,81
315.68,179.68,273.04,383,4,0,67
112.64,52.91,113.46,248,0,0,118
431.27,273.31,370.83,19,6,1,49
297.02,178.53,294.2,311,5,1,101
490.38,380.57,547.06,368,1,0,59
109.94,60.78,105.38,237,1,0,120
466.07,313.17,526.53,451,2,0,77
644.33,473.66,669.58,302,6,1,53
224.14,128.48,253.34,61,6,1,109
454.28,262.24,489.33,249,2,0,65
116.28,91.14,102.45,108,1,0,104
629.37,331.56,578.61,90,5,1,37
543.01,297.74,525.77,22,6,1,67
324.08,233.31,292.0,399,2,0,92
475.15,284.62,474.43,451,1,0,56
870.79,453.46,863.31,366,5,1,13
239.24,138.33,271.98,137,3,0,91
95.98,60.15,94.07,313,4,0,96
666.4,437.75,723.51,425,6,1,46
560.68,309.7,635.02,20,3,0,60
964.3,450.8,1073.36,90,3,0,0
596.39,318.63,544.26,270,4,0,52
528.47,414.57,527.85,15,1,0,53
404.13,243.35,385.67,467,1,0,71
810.06,387.44,785.73,382,2,0,9
596.58,460.87,571.67,490,0,0,29
672.98,307.46,738.87,231,1,0,28
282.29,131.35,278.23,414,4,0,100
218.53,170.96,220.09,307,0,0,87
297.38,139.39,340.42,90,4,0,92
251.8,161.09,218.56,420,4,0,74
384.17,187.89,382.79,12,4,0,50
485.21,299.81,525.1,69,6,1,87
516.21,314.6,462.19,230,6,1,57
443.75,241.92,458.6,459,0,0,59
645.53,326.94,595.08,358,3,0,39
106.98,86.71,118.77,58,6,1,134
160.5,89.5,152.17,237,5,1,124
176.56,127.32,167.51,299,4,0,93
437.71,283.13,450.61,302,6,1,74
226.46,146.3,204.97,307,2,0,93
296.22,177.48,277.11,202,1,0,85
353.07,230.14,344.24,453,5,1,85
543.0,415.34,519.16,483,1,0,48
75.68,56.24,76.24,266,1,0,117
422.11,342.22,434.73,452,0,0,80
586.25,350.99,597.97,397,2,0,49
882.02,409.4,922.81,112,2,0,0
618.02,469.74,582.38,407,5,1,45
126.76,59.06,112.56,375,2,0,98
230.46,119.2,248.49,155,2,0,96
824.63,448.78,911.41,299,2,0,20
473.01,256.33,438.52,266,5,1,67
616.26,304.07,599.08,318,3,0,30
455.28,348.36,455.09,287,2,0,58
606.18,355.58,612.24,473,6,1,56
890.27,469.28,932.87,198,2,0,0
890.96,498.63,768.43,415,0,0,0
760.4,374.07,810.93,187,0,0,0
228.05,179.25,198.09,25,6,1,111
843.04,445.89,835.02,421,2,0,6
125.11,72.15,137.41,485,3,0,116
243.17,153.99,239.61,384,2,0,104
699.01,453.82,625.43,95,6,1,12
300.96,165.29,344.75,257,2,0,67
312.17,149.29,348.63,463,2,0,90
190.24,112.16,205.72,226,4,0,100
883.99,436.6,860.53,51,3,0,0
440.64,275.03,398.84,203,1,0,57
460.66,353.7,521.66,336,6,1,75
198.79,157.58,200.72,382,2,0,90
489.42,391.12,541.15,474,6,1,73
619.42,392.0,590.08,172,1,0,3
293.1,190.67,278.62,285,3,0,74
450.35,234.81,515.94,373,6,1,74
280.47,144.36,282.3,139,2,0,86
612.23,489.45,546.24,272,1,0,25
483.92,340.52,443.23,489,6,1,75
693.71,470.54,689.95,186,5,1,9
325.97,186.52,281.23,476,1,0,68
540.29,401.85,534.22,469,3,0,53
526.42,394.64,513.62,274,2,0,42
774.43,361.25,839.33,36,4,0,19
971.11,484.54,928.85,471,3,0,0
313.55,227.1,358.94,395,4,0,93
174.83,108.82,158.09,94,2,0,88
548.0,352.27,562.96,205,1,0,36
752.98,378.19,660.29,325,5,1,29
528.07,308.78,565.12,252,5,1,76
189.97,143.07,218.17,478,6,1,129
537.11,277.01,588.53,377,3,0,73
304.18,190.49,309.27,351,3,0,95
354.55,242.36,352.93,186,3,0,62
536.22,340.35,590.11,139,0,0,49
654.22,385.35,739.79,154,5,1,45
238.41,154.5,273.4,92,5,1,125
335.09,232.4,324.69,369,2,0,87
273.54,171.12,313.83,97,0,0,83
169.93,139.38,152.39,29,3,0,102
793.98,402.52,735.28,239,3,0,0
629.49,459.16,551.88,469,4,0,30
269.44,216.6,250.98,482,6,1,93
719.38,388.08,777.2,135,0,0,4
895.47,453.65,990.28,480,6,1,28
867.47,430.76,940.05,363,1,0,13
223.99,132.27,232.8,425,6,1,115
675.04,480.33,677.87,60,5,1,33
425.23,219.5,451.85,97,2,0,48
384.99,202.66,372.38,179,1,0,53
112.95,78.09,124.51,72,1,0,96
565.35,268.78,595.4,98,2,0,38
129.21,99.06,136.87,198,3,0,116
353.25,161.84,357.06,199,5,1,97
396.85,192.62,442.72,396,4,0,56
781.54,413.97,723.39,98,3,0,0
949.54,443.97,915.68,357,6,1,0
357.76,186.11,387.56,341,3,0,51
606.82,436.41,605.5,35,0,0,35
715.58,435.75,799.13,185,1,0,22
501.09,394.09,478.0,373,1,0,49
184.42,116.01,177.19,273,5,1,126
700.23,360.65,781.89,398,6,1,47
753.97,475.26,745.92,404,1,0,10
546.53,357.14,549.18,51,4,0,45
357.68,199.23,339.74,492,4,0,85
570.4,275.26,532.18,484,6,1,58
424.9,340.58,444.78,128,4,0,68
443.55,279.76,392.96,178,2,0,51
141.23,103.98,157.3,117,6,1,117
360.93,190.43,391.16,495,5,1,95
536.75,411.08,486.96,156,4,0,30
816.11,437.64,863.61,185,0,0,0
166.13,111.79,171.25,446,0,0,118
669.49,478.57,606.13,448,3,0,42
422.93,197.97,394.16,385,3,0,77
424.1,348.04,412.52,198,5,1,61
635.98,388.32,674.0,169,6,1,33
507.43,415.38,528.55,311,3,0,40
800.7,475.59,808.44,357,3,0,9
324.58,190.81,350.72,429,0,0,54
663.94,436.33,715.32,411,3,0,28
145.55,109.26,150.7,83,0,0,114
578.96,367.27,628.8,361,4,0,55
718.74,383.89,683.01,27,4,0,4
703.7,354.98,784.19,149,5,1,36
283.05,163.54,292.81,124,2,0,87
792.66,442.87,869.32,337,3,0,25
176.46,125.99,178.91,234,4,0,93
110.26,74.14,100.95,55,4,0,101
507.8,372.86,514.26,448,6,1,63
382.56,263.96,367.77,47,5,1,64
615.69,432.09,652.16,215,1,0,33
382.63,222.53,379.85,395,1,0,67
221.61,125.73,243.96,18,5,1,92
914.6,426.4,963.46,262,0,0,0
414.5,297.01,437.45,117,2,0,67
248.88,135.14,227.76,398,6,1,110
754.8,374.17,864.46,107,6,1,27
492.87,280.0,543.39,284,5,1,52
468.43,321.94,509.04,80,1,0,60
376.47,257.4,357.29,48,2,0,56
524.1,422.92,529.71,307,4,0,39
637.26,423.3,567.88,410,5,1,28
718.0,369.22,726.28,456,0,0,19
121.55,97.43,108.63,99,2,0,118
606.73,427.48,616.38,439,1,0,34
670.91,351.96,700.84,228,4,0,16
721.01,363.66,697.26,116,5,1,33
353.15,213.34,353.0,485,6,1,93
845.93,445.68,941.26,413,3,0,0
597.73,376.42,527.54,463,6,1,54
136.9,100.67,148.88,401,6,1,145
373.17,233.5,336.31,105,4,0,36
798.98,448.87,687.93,412,1,0,0
153.02,71.24,138.59,41,5,1,83
612.35,482.64,661.04,135,1,0,35
607.19,355.62,589.91,156,3,0,40
510.84,334.12,567.93,289,6,1,71
293.41,171.75,295.58,33,4,0,91
198.23,161.96,169.82,449,2,0,105
717.06,473.93,763.68,218,2,0,38
372.11,184.22,328.6,129,4,0,74
699.78,398.98,760.53,283,2,0,23
374.53,226.9,337.23,149,6,1,79
167.37,112.66,159.61,306,5,1,107
82.13,54.82,88.56,352,4,0,113
466.88,294.92,530.5,441,4,0,66
995.6,489.1,957.2,91,1,0,0
468.36,216.11,514.64,457,0,0,77
345.32,210.74,313.29,409,1,0,70
326.38,204.84,356.46,217,2,0,69
581.72,284.24,609.21,493,0,0,37
403.96,248.3,366.72,416,4,0,71
781.33,445.96,735.04,479,2,0,0
397.06,277.48,353.2,432,3,0,63
541.25,278.49,522.24,42,2,0,51
194.45,112.27,177.16,33,0,0,93
988.91,492.23,1031.63,70,0,0,0
321.84,162.49,369.59,320,4,0,83
117.46,83.01,100.27,198,5,1,109
667.44,348.42,675.63,93,3,0,14
635.85,317.91,649.9,234,4,0,29
366.14,236.82,411.64,488,3,0,82
329.41,239.99,330.0,177,3,0,84
485.0,403.28,491.35,195,4,0,53
227.94,138.07,226.0,384,6,1,122
650.65,419.11,605.54,81,2,0,36
600.07,341.94,520.14,83,1,0,32
331.1,238.54,322.03,394,3,0,90
527.51,256.11,456.7,350,6,1,46
241.25,165.49,244.9,162,0,0,76
554.1,388.45,522.07,105,4,0,41
471.93,280.79,476.69,62,5,1,53
330.23,194.38,294.0,454,6,1,88
450.31,318.22,508.76,183,2,0,70
733.11,498.08,819.87,119,6,1,50
336.77,245.87,305.45,467,3,0,73
890.76,464.31,848.93,325,5,1,0
404.38,205.26,418.14,60,6,1,80
124.06,74.63,109.01,386,2,0,97
271.63,141.91,259.78,262,6,1,97
461.55,238.41,427.09,82,4,0,49
199.18,148.84,224.01,221,5,1,112
108.53,50.1,120.01,441,0,0,115
933.21,461.75,955.56,221,3,0,0
603.57,429.75,607.25,260,3,0,28
532.33,384.03,601.12,177,5,1,58
166.39,125.52,187.98,272,2,0,86
139.41,104.16,159.04,340,4,0,111
156.68,80.42,139.07,478,6,1,128
627.48,375.81,563.58,239,6,1,47
927.94,467.96,977.14,248,1,0,0
474.38,243.74,480.28,284,3,0,47
186.98,103.61,159.97,152,6,1,115
529.27,280.58,459.72,79,0,0,42
252.17,206.97,281.53,454,3,0,96
330.58,218.67,367.16,321,3,0,98
605.74,329.6,579.81,403,1,0,34
451.6,373.42,504.58,183,1,0,59
123.02,99.77,126.47,345,4,0,105
135.46,66.02,147.89,118,6,1,103
937.21,497.45,916.8,212,6,1,3
226.73,154.73,200.44,194,3,0,86
140.13,74.22,137.35,300,3,0,110
269.87,135.44,266.41,337,2,0,104
101.76,67.53,103.31,101,2,0,103
279.73,226.31,246.63,268,6,1,72
876.74,411.08,1005.99,331,5,1,28
314.54,203.56,290.39,446,5,1,96
326.47,249.88,296.94,215,0,0,65
598.94,354.01,603.76,61,6,1,51
549.21,279.0,555.34,358,6,1,68
622.18,437.65,610.95,190,6,1,35
646.16,439.72,698.86,447,0,0,34
78.57,54.46,78.96,312,2,0,129
876.93,400.12,905.79,12,5,1,0
359.59,257.33,383.73,458,6,1,93
878.84,494.98,753.62,408,0,0,0
568.41,267.45,580.46,93,3,0,23
665.51,494.1,742.21,223,5,1,49
845.67,389.56,723.23,43,1,0,0
347.62,161.87,337.73,59,5,1,69
609.27,292.28,687.18,298,3,0,43
702.27,496.46,671.33,338,2,0,15
799.44,435.89,789.55,268,4,0,14
183.96,93.82,210.54,267,4,0,88
804.17,367.87,731.63,397,2,0,4
283.69,205.51,246.69,281,3,0,73
104.48,53.14,115.74,191,0,0,112
356.33,231.57,395.72,42,5,1,87
214.1,155.64,212.31,274,5,1,106
678.53,418.49,681.42,322,0,0,30
402.35,201.8,442.89,49,4,0,65
703.21,422.39,753.54,495,6,1,43
87.34,50.27,81.19,317,6,1,124
413.83,188.52,353.85,219,2,0,57
253.5,158.52,251.95,281,6,1,105
281.58,155.11,311.9,145,2,0,74
126.29,80.68,141.29,96,6,1,116
213.76,134.21,243.02,69,1,0,82
568.69,300.0,633.44,173,4,0,44
387.2,181.11,396.5,12,2,0,57
414.38,237.83,407.49,24,1,0,65
432.24,219.59,467.88,111,0,0,68
572.61,444.16,613.81,264,4,0,34
645.44,457.38,652.83,234,4,0,29
462.69,271.83,405.41,219,2,0,56
242.26,198.57,273.22,32,2,0,86
142.47,98.06,140.57,244,3,0,96
822.69,479.03,788.96,140,6,1,0
93.68,77.1,97.32,167,0,0,118
269.39,183.94,283.44,182,0,0,94
315.6,184.13,288.21,26,5,1,83
344.31,194.18,379.11,379,1,0,87
263.44,123.93,246.84,451,1,0,58
742.61,402.42,672.81,323,3,0,21
169.75,105.12,164.98,489,5,1,117
715.18,335.71,764.64,375,0,0,27
209.86,105.73,239.17,194,6,1,107
114.44,81.74,125.06,400,6,1,141
611.18,459.24,691.92,432,6,1,49
254.28,135.56,226.87,343,6,1,116
738.38,419.56,643.39,451,1,0,13
587.12,295.08,597.28,193,0,0,43
164.87,85.04,154.5,152,6,1,109
876.01,479.95,962.23,53,0,0,0
352.3,161.13,370.47,21,5,1,94
757.3,436.84,864.25,17,1,0,21
165.4,125.96,153.24,89,2,0,109
880.83,434.27,877.07,306,2,0,0
81.24,55.95,81.27,171,5,1,122
554.24,280.3,510.87,311,1,0,53
854.75,396.25,877.85,225,3,0,18
892.74,470.66,877.55,257,4,0,0
824.63,459.14,811.45,38,5,1,3
695.42,418.83,666.78,281,0,0,27
703.49,449.69,601.54,142,5,1,20
216.88,139.65,218.31,14,4,0,94
326.66,177.88,310.51,253,5,1,87
351.3,180.04,298.74,39,1,0,78
412.66,219.67,388.89,126,0,0,51
317.43,226.99,296.35,187,4,0,79
499.81,295.05,483.83,270,6,1,59
242.87,121.95,216.05,244,2,0,83
605.03,361.06,606.43,150,3,0,28
217.78,125.4,230.35,492,5,1,121
373.8,189.64,388.4,314,5,1,96
514.65,276.51,561.55,354,4,0,60
657.25,408.4,647.79,59,3,0,21
802.04,382.76,806.64,279,5,1,22
463.94,340.49,507.14,117,2,0,66
263.68,120.1,257.96,55,4,0,90
390.61,296.17,414.23,483,1,0,47
108.56,89.35,106.43,91,0,0,103
459.41,219.81,448.08,135,2,0,50
341.13,236.08,367.76,93,3,0,80
131.06,67.92,118.27,299,3,0,104
348.5,173.29,331.62,80,2,0,75
988.4,480.04,906.61,184,6,1,0
1050.07,479.13,1005.69,325,1,0,0
311.58,208.55,286.37,339,5,1,102
132.56,69.4,135.72,472,1,0,95
171.78,130.59,187.15,346,5,1,143
363.94,226.5,395.23,404,5,1,104
975.86,476.5,936.19,363,3,0,0
177.99,113.54,204.09,100,5,1,105
704.94,393.58,724.79,478,2,0,24
168.52,98.91,163.43,360,6,1,117
907.41,491.57,998.75,443,5,1,21
481.79,221.73,515.02,258,2,0,71
500.86,398.86,538.31,141,0,0,47
362.18,204.17,329.17,178,3,0,72
685.86,332.45,679.34,452,1,0,13
229.35,136.41,254.25,69,4,0,85
147.94,115.71,148.12,378,1,0,109
831.2,472.13,876.95,346,1,0,14
709.26,462.94,727.97,250,6,1,28
608.86,449.36,671.39,199,4,0,34
679.14,331.45,635.25,349,6,1,50
712.26,413.72,728.39,290,3,0,32
172.94,81.07,153.39,241,5,1,114
402.52,200.66,425.49,480,0,0,49
361.87,191.17,387.06,472,1,0,103
404.94,336.04,349.4,298,6,1,74
342.14,210.18,360.18,284,5,1,88
163.27,116.83,159.09,322,1,0,96
672.1,318.41,596.31,24,3,0,16
572.48,416.47,558.72,50,3,0,38
329.84,221.96,299.58,462,2,0,86
188.03,109.52,183.27,217,3,0,86
202.69,138.51,195.66,69,3,0,87
221.16,156.87,236.98,374,1,0,116
332.75,184.95,360.12,249,0,0,80
437.28,339.26,451.32,105,6,1,71
403.15,320.43,345.42,287,1,0,50
571.1,363.24,644.94,436,6,1,70
409.34,213.13,432.21,169,5,1,90
738.42,420.8,635.23,406,6,1,31
230.19,141.84,252.21,431,3,0,94
460.98,261.07,419.53,291,2,0,56
642.5,410.42,657.77,218,0,0,46
279.99,131.07,277.19,142,2,0,91
124.79,99.44,121.78,390,4,0,101
838.64,447.66,936.69,442,2,0,0
427.29,204.32,419.26,106,2,0,60
716.87,357.74,625.55,228,5,1,31
84.99,61.41,96.38,398,3,0,105
539.31,360.52,607.35,494,5,1,71
368.54,192.25,388.94,80,3,0,66
96.43,75.08,95.5,441,5,1,130
652.68,324.42,572.96,283,3,0,14
303.88,158.36,330.39,360,6,1,112
432.35,224.06,377.29,143,3,0,54
112.16,86.26,97.64,75,3,0,94
222.89,116.22,225.39,136,2,0,99
346.06,184.09,310.77,214,4,0,56
183.58,90.39,156.47,307,3,0,109
570.97,459.87,557.8,126,4,0,45
64.48,52.72,57.47,445,4,0,132
421.15,267.74,378.26,276,1,0,56
142.25,105.46,124.19,291,1,0,98
331.38,188.46,302.06,158,0,0,71
988.22,466.73,1052.11,203,6,1,0
195.37,122.76,213.48,177,5,1,105
991.03,484.62,976.92,321,1,0,0
171.16,142.61,171.5,383,3,0,98
525.11,383.7,451.48,188,4,0,26
364.21,296.0,317.15,157,5,1,86
684.63,448.02,634.84,474,0,0,21
630.97,299.3,639.28,473,1,0,33
376.83,290.55,403.91,66,2,0,56
249.21,137.96,257.06,499,6,1,97
206.11,124.8,199.44,14,5,1,123
988.87,462.42,875.64,23,0,0,0
261.23,197.53,283.24,289,3,0,95
307.03,217.44,294.48,333,5,1,96
481.88,391.92,516.01,445,4,0,32
330.82,202.47,332.11,313,3,0,95
707.04,478.43,757.66,225,3,0,30
790.84,382.07,887.47,184,5,1,22
575.49,318.84,648.18,325,2,0,47
809.82,446.4,818.34,466,2,0,0
125.26,72.32,125.69,12,5,1,135
214.03,165.68,198.99,384,5,1,100
426.5,259.27,482.26,146,5,1,74
334.63,152.14,330.41,475,6,1,87
783.07,384.76,695.58,109,6,1,12
970.62,463.64,951.02,92,4,0,0
486.98,240.7,432.5,289,1,0,65
265.77,203.96,265.97,141,3,0,79
689.03,482.7,701.69,402,5,1,45
301.0,250.18,286.35,490,6,1,99
406.06,270.07,353.88,10,1,0,44
272.51,208.24,308.77,125,4,0,109
768.31,459.3,831.31,428,3,0,33
574.46,306.03,632.86,211,1,0,46
815.24,392.98,782.68,149,3,0,13
809.54,415.31,872.88,155,2,0,20
435.91,203.83,434.0,471,5,1,80
307.41,245.16,279.84,275,2,0,80
523.43,431.81,464.46,211,0,0,55
397.33,213.46,378.86,411,4,0,57
606.57,407.27,540.61,161,5,1,57
688.16,473.45,791.02,394,1,0,33
505.87,330.44,437.46,231,3,0,57
564.01,383.73,554.05,88,6,1,51
705.61,412.29,695.47,209,0,0,21
705.7,430.27,663.49,259,4,0,15
390.05,227.77,398.4,108,4,0,59
136.84,73.07,122.47,475,4,0,105
366.38,230.84,397.59,498,1,0,92
512.59,353.19,486.82,409,5,1,41
345.18,252.66,354.64,222,2,0,61
599.7,387.03,638.49,152,0,0,30
409.03,210.64,456.76,199,1,0,57
656.74,335.63,722.9,398,3,0,51
249.96,133.89,258.08,310,1,0,102
555.28,387.22,536.69,383,3,0,48
528.49,295.56,529.0,61,3,0,36
251.14,141.83,271.38,464,4,0,107
305.46,181.36,340.06,121,1,0,64
677.02,386.87,596.55,144,2,0,35
452.0,267.17,436.38,420,3,0,52
259.9,147.21,281.43,482,6,1,105
929.54,485.27,910.48,479,4,0,0
486.93,371.81,462.42,121,2,0,36
937.21,480.71,912.27,22,1,0,0
323.55,242.2,333.53,282,2,0,86
334.13,263.8,384.23,242,1,0,92
988.11,454.08,986.04,53,3,0,0
617.49,286.27,563.49,406,0,0,32
464.19,368.28,417.24,483,0,0,61
268.64,163.48,231.75,82,5,1,95
347.98,251.03,354.13,270,5,1,77
177.89,105.55,180.27,240,3,0,109
289.69,142.69,264.07,42,2,0,76
108.44,50.42,114.8,397,1,0,103
124.12,67.67,133.1,485,0,0,93
761.07,489.78,706.07,419,1,0,15
286.84,159.06,273.42,77,3,0,102
526.92,348.49,604.45,25,2,0,39
902.15,427.59,868.12,494,6,1,8
616.56,297.8,664.8,159,1,0,47
209.08,118.92,206.11,301,2,0,82
575.84,377.65,626.52,111,6,1,51
478.05,320.11,516.64,195,0,0,47
467.54,379.06,491.07,448,1,0,71
799.04,396.39,884.09,428,4,0,30
806.93,488.93,913.26,34,0,0,12
469.9,308.1,481.17,81,2,0,44
340.47,203.74,313.65,90,3,0,64
690.02,341.81,669.04,70,4,0,9
107.03,80.8,115.32,27,5,1,111
933.82,453.83,976.09,251,1,0,0
217.56,103.72,196.53,67,5,1,107
424.04,197.53,366.95,341,0,0,62
666.29,417.09,702.86,386,1,0,31
451.77,318.79,418.03,66,1,0,51
